-- 600???????????
SET NAMES utf8mb4;
SET @school_id = 1;
SET @grade_name = '高一';
SET @event_name = '2026高一600人抽签测试活动';
SET @student_prefix = 'CS26%';

INSERT INTO grades (name, school_id)
SELECT @grade_name, @school_id
FROM dual
WHERE NOT EXISTS (
  SELECT 1 FROM grades g WHERE g.school_id = @school_id AND g.name = @grade_name
);

DROP TEMPORARY TABLE IF EXISTS tmp_class_seed;
CREATE TEMPORARY TABLE tmp_class_seed (
  class_name VARCHAR(100) NOT NULL,
  class_type VARCHAR(20) NOT NULL,
  grade_name VARCHAR(50) NOT NULL
);
INSERT INTO tmp_class_seed (class_name, class_type, grade_name) VALUES
  ('1班', '行政班', '高一'),
  ('2班', '行政班', '高一'),
  ('3班', '行政班', '高一'),
  ('4班', '行政班', '高一'),
  ('5班', '行政班', '高一'),
  ('6班', '行政班', '高一'),
  ('7班', '行政班', '高一'),
  ('8班', '行政班', '高一'),
  ('9班', '行政班', '高一'),
  ('10班', '行政班', '高一'),
  ('11班', '行政班', '高一'),
  ('12班', '行政班', '高一');

INSERT INTO classes (name, grade_id, teacher_id, type, school_id)
SELECT t.class_name, g.id, NULL, t.class_type, @school_id
FROM tmp_class_seed t
JOIN grades g ON g.school_id = @school_id AND g.name = t.grade_name
LEFT JOIN classes c ON c.school_id = @school_id AND c.name = t.class_name AND c.type = t.class_type AND c.grade_id = g.id
WHERE c.id IS NULL;

DROP TEMPORARY TABLE IF EXISTS tmp_student_seed;
CREATE TEMPORARY TABLE tmp_student_seed (
  grade_name VARCHAR(50) NOT NULL,
  class_name VARCHAR(100) NOT NULL,
  student_name VARCHAR(50) NOT NULL,
  gender VARCHAR(10),
  student_no VARCHAR(50) NOT NULL,
  id_card VARCHAR(20),
  elective_class VARCHAR(100),
  student_status VARCHAR(20)
);
INSERT INTO tmp_student_seed (grade_name, class_name, student_name, gender, student_no, id_card, elective_class, student_status) VALUES
  ('高一', '1班', '测试学生0001', '男', 'CS260001', '320101200801010001', '', '在籍'),
  ('高一', '1班', '测试学生0002', '女', 'CS260002', '320101200802020002', '', '在籍'),
  ('高一', '1班', '测试学生0003', '男', 'CS260003', '320101200803030003', '', '在籍'),
  ('高一', '1班', '测试学生0004', '女', 'CS260004', '320101200804040004', '', '在籍'),
  ('高一', '1班', '测试学生0005', '男', 'CS260005', '320101200805050005', '', '在籍'),
  ('高一', '1班', '测试学生0006', '女', 'CS260006', '320101200806060006', '', '在籍'),
  ('高一', '1班', '测试学生0007', '男', 'CS260007', '320101200807070007', '', '在籍'),
  ('高一', '1班', '测试学生0008', '女', 'CS260008', '320101200808080008', '', '在籍'),
  ('高一', '1班', '测试学生0009', '男', 'CS260009', '320101200809090009', '', '在籍'),
  ('高一', '1班', '测试学生0010', '女', 'CS260010', '320101200810100010', '', '在籍'),
  ('高一', '1班', '测试学生0011', '男', 'CS260011', '320101200811110011', '', '在籍'),
  ('高一', '1班', '测试学生0012', '女', 'CS260012', '320101200812120012', '', '在籍'),
  ('高一', '1班', '测试学生0013', '男', 'CS260013', '320101200801130013', '', '在籍'),
  ('高一', '1班', '测试学生0014', '女', 'CS260014', '320101200802140014', '', '在籍'),
  ('高一', '1班', '测试学生0015', '男', 'CS260015', '320101200803150015', '', '在籍'),
  ('高一', '1班', '测试学生0016', '女', 'CS260016', '320101200804160016', '', '在籍'),
  ('高一', '1班', '测试学生0017', '男', 'CS260017', '320101200805170017', '', '在籍'),
  ('高一', '1班', '测试学生0018', '女', 'CS260018', '320101200806180018', '', '在籍'),
  ('高一', '1班', '测试学生0019', '男', 'CS260019', '320101200807190019', '', '在籍'),
  ('高一', '1班', '测试学生0020', '女', 'CS260020', '320101200808200020', '', '在籍'),
  ('高一', '1班', '测试学生0021', '男', 'CS260021', '320101200809210021', '', '在籍'),
  ('高一', '1班', '测试学生0022', '女', 'CS260022', '320101200810220022', '', '在籍'),
  ('高一', '1班', '测试学生0023', '男', 'CS260023', '320101200811230023', '', '在籍'),
  ('高一', '1班', '测试学生0024', '女', 'CS260024', '320101200812240024', '', '在籍'),
  ('高一', '1班', '测试学生0025', '男', 'CS260025', '320101200801250025', '', '在籍'),
  ('高一', '1班', '测试学生0026', '女', 'CS260026', '320101200802260026', '', '在籍'),
  ('高一', '1班', '测试学生0027', '男', 'CS260027', '320101200803270027', '', '在籍'),
  ('高一', '1班', '测试学生0028', '女', 'CS260028', '320101200804280028', '', '在籍'),
  ('高一', '1班', '测试学生0029', '男', 'CS260029', '320101200805010029', '', '在籍'),
  ('高一', '1班', '测试学生0030', '女', 'CS260030', '320101200806020030', '', '在籍'),
  ('高一', '1班', '测试学生0031', '男', 'CS260031', '320101200807030031', '', '在籍'),
  ('高一', '1班', '测试学生0032', '女', 'CS260032', '320101200808040032', '', '在籍'),
  ('高一', '1班', '测试学生0033', '男', 'CS260033', '320101200809050033', '', '在籍'),
  ('高一', '1班', '测试学生0034', '女', 'CS260034', '320101200810060034', '', '在籍'),
  ('高一', '1班', '测试学生0035', '男', 'CS260035', '320101200811070035', '', '在籍'),
  ('高一', '1班', '测试学生0036', '女', 'CS260036', '320101200812080036', '', '在籍'),
  ('高一', '1班', '测试学生0037', '男', 'CS260037', '320101200801090037', '', '在籍'),
  ('高一', '1班', '测试学生0038', '女', 'CS260038', '320101200802100038', '', '在籍'),
  ('高一', '1班', '测试学生0039', '男', 'CS260039', '320101200803110039', '', '在籍'),
  ('高一', '1班', '测试学生0040', '女', 'CS260040', '320101200804120040', '', '在籍'),
  ('高一', '1班', '测试学生0041', '男', 'CS260041', '320101200805130041', '', '在籍'),
  ('高一', '1班', '测试学生0042', '女', 'CS260042', '320101200806140042', '', '在籍'),
  ('高一', '1班', '测试学生0043', '男', 'CS260043', '320101200807150043', '', '在籍'),
  ('高一', '1班', '测试学生0044', '女', 'CS260044', '320101200808160044', '', '在籍'),
  ('高一', '1班', '测试学生0045', '男', 'CS260045', '320101200809170045', '', '在籍'),
  ('高一', '1班', '测试学生0046', '女', 'CS260046', '320101200810180046', '', '在籍'),
  ('高一', '1班', '测试学生0047', '男', 'CS260047', '320101200811190047', '', '在籍'),
  ('高一', '1班', '测试学生0048', '女', 'CS260048', '320101200812200048', '', '在籍'),
  ('高一', '1班', '测试学生0049', '男', 'CS260049', '320101200801210049', '', '在籍'),
  ('高一', '1班', '测试学生0050', '女', 'CS260050', '320101200802220050', '', '在籍'),
  ('高一', '2班', '测试学生0051', '男', 'CS260051', '320101200803230051', '', '在籍'),
  ('高一', '2班', '测试学生0052', '女', 'CS260052', '320101200804240052', '', '在籍'),
  ('高一', '2班', '测试学生0053', '男', 'CS260053', '320101200805250053', '', '在籍'),
  ('高一', '2班', '测试学生0054', '女', 'CS260054', '320101200806260054', '', '在籍'),
  ('高一', '2班', '测试学生0055', '男', 'CS260055', '320101200807270055', '', '在籍'),
  ('高一', '2班', '测试学生0056', '女', 'CS260056', '320101200808280056', '', '在籍'),
  ('高一', '2班', '测试学生0057', '男', 'CS260057', '320101200809010057', '', '在籍'),
  ('高一', '2班', '测试学生0058', '女', 'CS260058', '320101200810020058', '', '在籍'),
  ('高一', '2班', '测试学生0059', '男', 'CS260059', '320101200811030059', '', '在籍'),
  ('高一', '2班', '测试学生0060', '女', 'CS260060', '320101200812040060', '', '在籍'),
  ('高一', '2班', '测试学生0061', '男', 'CS260061', '320101200801050061', '', '在籍'),
  ('高一', '2班', '测试学生0062', '女', 'CS260062', '320101200802060062', '', '在籍'),
  ('高一', '2班', '测试学生0063', '男', 'CS260063', '320101200803070063', '', '在籍'),
  ('高一', '2班', '测试学生0064', '女', 'CS260064', '320101200804080064', '', '在籍'),
  ('高一', '2班', '测试学生0065', '男', 'CS260065', '320101200805090065', '', '在籍'),
  ('高一', '2班', '测试学生0066', '女', 'CS260066', '320101200806100066', '', '在籍'),
  ('高一', '2班', '测试学生0067', '男', 'CS260067', '320101200807110067', '', '在籍'),
  ('高一', '2班', '测试学生0068', '女', 'CS260068', '320101200808120068', '', '在籍'),
  ('高一', '2班', '测试学生0069', '男', 'CS260069', '320101200809130069', '', '在籍'),
  ('高一', '2班', '测试学生0070', '女', 'CS260070', '320101200810140070', '', '在籍'),
  ('高一', '2班', '测试学生0071', '男', 'CS260071', '320101200811150071', '', '在籍'),
  ('高一', '2班', '测试学生0072', '女', 'CS260072', '320101200812160072', '', '在籍'),
  ('高一', '2班', '测试学生0073', '男', 'CS260073', '320101200801170073', '', '在籍'),
  ('高一', '2班', '测试学生0074', '女', 'CS260074', '320101200802180074', '', '在籍'),
  ('高一', '2班', '测试学生0075', '男', 'CS260075', '320101200803190075', '', '在籍'),
  ('高一', '2班', '测试学生0076', '女', 'CS260076', '320101200804200076', '', '在籍'),
  ('高一', '2班', '测试学生0077', '男', 'CS260077', '320101200805210077', '', '在籍'),
  ('高一', '2班', '测试学生0078', '女', 'CS260078', '320101200806220078', '', '在籍'),
  ('高一', '2班', '测试学生0079', '男', 'CS260079', '320101200807230079', '', '在籍'),
  ('高一', '2班', '测试学生0080', '女', 'CS260080', '320101200808240080', '', '在籍'),
  ('高一', '2班', '测试学生0081', '男', 'CS260081', '320101200809250081', '', '在籍'),
  ('高一', '2班', '测试学生0082', '女', 'CS260082', '320101200810260082', '', '在籍'),
  ('高一', '2班', '测试学生0083', '男', 'CS260083', '320101200811270083', '', '在籍'),
  ('高一', '2班', '测试学生0084', '女', 'CS260084', '320101200812280084', '', '在籍'),
  ('高一', '2班', '测试学生0085', '男', 'CS260085', '320101200801010085', '', '在籍'),
  ('高一', '2班', '测试学生0086', '女', 'CS260086', '320101200802020086', '', '在籍'),
  ('高一', '2班', '测试学生0087', '男', 'CS260087', '320101200803030087', '', '在籍'),
  ('高一', '2班', '测试学生0088', '女', 'CS260088', '320101200804040088', '', '在籍'),
  ('高一', '2班', '测试学生0089', '男', 'CS260089', '320101200805050089', '', '在籍'),
  ('高一', '2班', '测试学生0090', '女', 'CS260090', '320101200806060090', '', '在籍'),
  ('高一', '2班', '测试学生0091', '男', 'CS260091', '320101200807070091', '', '在籍'),
  ('高一', '2班', '测试学生0092', '女', 'CS260092', '320101200808080092', '', '在籍'),
  ('高一', '2班', '测试学生0093', '男', 'CS260093', '320101200809090093', '', '在籍'),
  ('高一', '2班', '测试学生0094', '女', 'CS260094', '320101200810100094', '', '在籍'),
  ('高一', '2班', '测试学生0095', '男', 'CS260095', '320101200811110095', '', '在籍'),
  ('高一', '2班', '测试学生0096', '女', 'CS260096', '320101200812120096', '', '在籍'),
  ('高一', '2班', '测试学生0097', '男', 'CS260097', '320101200801130097', '', '在籍'),
  ('高一', '2班', '测试学生0098', '女', 'CS260098', '320101200802140098', '', '在籍'),
  ('高一', '2班', '测试学生0099', '男', 'CS260099', '320101200803150099', '', '在籍'),
  ('高一', '2班', '测试学生0100', '女', 'CS260100', '320101200804160100', '', '在籍'),
  ('高一', '3班', '测试学生0101', '男', 'CS260101', '320101200805170101', '', '在籍'),
  ('高一', '3班', '测试学生0102', '女', 'CS260102', '320101200806180102', '', '在籍'),
  ('高一', '3班', '测试学生0103', '男', 'CS260103', '320101200807190103', '', '在籍'),
  ('高一', '3班', '测试学生0104', '女', 'CS260104', '320101200808200104', '', '在籍'),
  ('高一', '3班', '测试学生0105', '男', 'CS260105', '320101200809210105', '', '在籍'),
  ('高一', '3班', '测试学生0106', '女', 'CS260106', '320101200810220106', '', '在籍'),
  ('高一', '3班', '测试学生0107', '男', 'CS260107', '320101200811230107', '', '在籍'),
  ('高一', '3班', '测试学生0108', '女', 'CS260108', '320101200812240108', '', '在籍'),
  ('高一', '3班', '测试学生0109', '男', 'CS260109', '320101200801250109', '', '在籍'),
  ('高一', '3班', '测试学生0110', '女', 'CS260110', '320101200802260110', '', '在籍'),
  ('高一', '3班', '测试学生0111', '男', 'CS260111', '320101200803270111', '', '在籍'),
  ('高一', '3班', '测试学生0112', '女', 'CS260112', '320101200804280112', '', '在籍'),
  ('高一', '3班', '测试学生0113', '男', 'CS260113', '320101200805010113', '', '在籍'),
  ('高一', '3班', '测试学生0114', '女', 'CS260114', '320101200806020114', '', '在籍'),
  ('高一', '3班', '测试学生0115', '男', 'CS260115', '320101200807030115', '', '在籍'),
  ('高一', '3班', '测试学生0116', '女', 'CS260116', '320101200808040116', '', '在籍'),
  ('高一', '3班', '测试学生0117', '男', 'CS260117', '320101200809050117', '', '在籍'),
  ('高一', '3班', '测试学生0118', '女', 'CS260118', '320101200810060118', '', '在籍'),
  ('高一', '3班', '测试学生0119', '男', 'CS260119', '320101200811070119', '', '在籍'),
  ('高一', '3班', '测试学生0120', '女', 'CS260120', '320101200812080120', '', '在籍'),
  ('高一', '3班', '测试学生0121', '男', 'CS260121', '320101200801090121', '', '在籍'),
  ('高一', '3班', '测试学生0122', '女', 'CS260122', '320101200802100122', '', '在籍'),
  ('高一', '3班', '测试学生0123', '男', 'CS260123', '320101200803110123', '', '在籍'),
  ('高一', '3班', '测试学生0124', '女', 'CS260124', '320101200804120124', '', '在籍'),
  ('高一', '3班', '测试学生0125', '男', 'CS260125', '320101200805130125', '', '在籍'),
  ('高一', '3班', '测试学生0126', '女', 'CS260126', '320101200806140126', '', '在籍'),
  ('高一', '3班', '测试学生0127', '男', 'CS260127', '320101200807150127', '', '在籍'),
  ('高一', '3班', '测试学生0128', '女', 'CS260128', '320101200808160128', '', '在籍'),
  ('高一', '3班', '测试学生0129', '男', 'CS260129', '320101200809170129', '', '在籍'),
  ('高一', '3班', '测试学生0130', '女', 'CS260130', '320101200810180130', '', '在籍'),
  ('高一', '3班', '测试学生0131', '男', 'CS260131', '320101200811190131', '', '在籍'),
  ('高一', '3班', '测试学生0132', '女', 'CS260132', '320101200812200132', '', '在籍'),
  ('高一', '3班', '测试学生0133', '男', 'CS260133', '320101200801210133', '', '在籍'),
  ('高一', '3班', '测试学生0134', '女', 'CS260134', '320101200802220134', '', '在籍'),
  ('高一', '3班', '测试学生0135', '男', 'CS260135', '320101200803230135', '', '在籍'),
  ('高一', '3班', '测试学生0136', '女', 'CS260136', '320101200804240136', '', '在籍'),
  ('高一', '3班', '测试学生0137', '男', 'CS260137', '320101200805250137', '', '在籍'),
  ('高一', '3班', '测试学生0138', '女', 'CS260138', '320101200806260138', '', '在籍'),
  ('高一', '3班', '测试学生0139', '男', 'CS260139', '320101200807270139', '', '在籍'),
  ('高一', '3班', '测试学生0140', '女', 'CS260140', '320101200808280140', '', '在籍'),
  ('高一', '3班', '测试学生0141', '男', 'CS260141', '320101200809010141', '', '在籍'),
  ('高一', '3班', '测试学生0142', '女', 'CS260142', '320101200810020142', '', '在籍'),
  ('高一', '3班', '测试学生0143', '男', 'CS260143', '320101200811030143', '', '在籍'),
  ('高一', '3班', '测试学生0144', '女', 'CS260144', '320101200812040144', '', '在籍'),
  ('高一', '3班', '测试学生0145', '男', 'CS260145', '320101200801050145', '', '在籍'),
  ('高一', '3班', '测试学生0146', '女', 'CS260146', '320101200802060146', '', '在籍'),
  ('高一', '3班', '测试学生0147', '男', 'CS260147', '320101200803070147', '', '在籍'),
  ('高一', '3班', '测试学生0148', '女', 'CS260148', '320101200804080148', '', '在籍'),
  ('高一', '3班', '测试学生0149', '男', 'CS260149', '320101200805090149', '', '在籍'),
  ('高一', '3班', '测试学生0150', '女', 'CS260150', '320101200806100150', '', '在籍'),
  ('高一', '4班', '测试学生0151', '男', 'CS260151', '320101200807110151', '', '在籍'),
  ('高一', '4班', '测试学生0152', '女', 'CS260152', '320101200808120152', '', '在籍'),
  ('高一', '4班', '测试学生0153', '男', 'CS260153', '320101200809130153', '', '在籍'),
  ('高一', '4班', '测试学生0154', '女', 'CS260154', '320101200810140154', '', '在籍'),
  ('高一', '4班', '测试学生0155', '男', 'CS260155', '320101200811150155', '', '在籍'),
  ('高一', '4班', '测试学生0156', '女', 'CS260156', '320101200812160156', '', '在籍'),
  ('高一', '4班', '测试学生0157', '男', 'CS260157', '320101200801170157', '', '在籍'),
  ('高一', '4班', '测试学生0158', '女', 'CS260158', '320101200802180158', '', '在籍'),
  ('高一', '4班', '测试学生0159', '男', 'CS260159', '320101200803190159', '', '在籍'),
  ('高一', '4班', '测试学生0160', '女', 'CS260160', '320101200804200160', '', '在籍'),
  ('高一', '4班', '测试学生0161', '男', 'CS260161', '320101200805210161', '', '在籍'),
  ('高一', '4班', '测试学生0162', '女', 'CS260162', '320101200806220162', '', '在籍'),
  ('高一', '4班', '测试学生0163', '男', 'CS260163', '320101200807230163', '', '在籍'),
  ('高一', '4班', '测试学生0164', '女', 'CS260164', '320101200808240164', '', '在籍'),
  ('高一', '4班', '测试学生0165', '男', 'CS260165', '320101200809250165', '', '在籍'),
  ('高一', '4班', '测试学生0166', '女', 'CS260166', '320101200810260166', '', '在籍'),
  ('高一', '4班', '测试学生0167', '男', 'CS260167', '320101200811270167', '', '在籍'),
  ('高一', '4班', '测试学生0168', '女', 'CS260168', '320101200812280168', '', '在籍'),
  ('高一', '4班', '测试学生0169', '男', 'CS260169', '320101200801010169', '', '在籍'),
  ('高一', '4班', '测试学生0170', '女', 'CS260170', '320101200802020170', '', '在籍'),
  ('高一', '4班', '测试学生0171', '男', 'CS260171', '320101200803030171', '', '在籍'),
  ('高一', '4班', '测试学生0172', '女', 'CS260172', '320101200804040172', '', '在籍'),
  ('高一', '4班', '测试学生0173', '男', 'CS260173', '320101200805050173', '', '在籍'),
  ('高一', '4班', '测试学生0174', '女', 'CS260174', '320101200806060174', '', '在籍'),
  ('高一', '4班', '测试学生0175', '男', 'CS260175', '320101200807070175', '', '在籍'),
  ('高一', '4班', '测试学生0176', '女', 'CS260176', '320101200808080176', '', '在籍'),
  ('高一', '4班', '测试学生0177', '男', 'CS260177', '320101200809090177', '', '在籍'),
  ('高一', '4班', '测试学生0178', '女', 'CS260178', '320101200810100178', '', '在籍'),
  ('高一', '4班', '测试学生0179', '男', 'CS260179', '320101200811110179', '', '在籍'),
  ('高一', '4班', '测试学生0180', '女', 'CS260180', '320101200812120180', '', '在籍'),
  ('高一', '4班', '测试学生0181', '男', 'CS260181', '320101200801130181', '', '在籍'),
  ('高一', '4班', '测试学生0182', '女', 'CS260182', '320101200802140182', '', '在籍'),
  ('高一', '4班', '测试学生0183', '男', 'CS260183', '320101200803150183', '', '在籍'),
  ('高一', '4班', '测试学生0184', '女', 'CS260184', '320101200804160184', '', '在籍'),
  ('高一', '4班', '测试学生0185', '男', 'CS260185', '320101200805170185', '', '在籍'),
  ('高一', '4班', '测试学生0186', '女', 'CS260186', '320101200806180186', '', '在籍'),
  ('高一', '4班', '测试学生0187', '男', 'CS260187', '320101200807190187', '', '在籍'),
  ('高一', '4班', '测试学生0188', '女', 'CS260188', '320101200808200188', '', '在籍'),
  ('高一', '4班', '测试学生0189', '男', 'CS260189', '320101200809210189', '', '在籍'),
  ('高一', '4班', '测试学生0190', '女', 'CS260190', '320101200810220190', '', '在籍'),
  ('高一', '4班', '测试学生0191', '男', 'CS260191', '320101200811230191', '', '在籍'),
  ('高一', '4班', '测试学生0192', '女', 'CS260192', '320101200812240192', '', '在籍'),
  ('高一', '4班', '测试学生0193', '男', 'CS260193', '320101200801250193', '', '在籍'),
  ('高一', '4班', '测试学生0194', '女', 'CS260194', '320101200802260194', '', '在籍'),
  ('高一', '4班', '测试学生0195', '男', 'CS260195', '320101200803270195', '', '在籍'),
  ('高一', '4班', '测试学生0196', '女', 'CS260196', '320101200804280196', '', '在籍'),
  ('高一', '4班', '测试学生0197', '男', 'CS260197', '320101200805010197', '', '在籍'),
  ('高一', '4班', '测试学生0198', '女', 'CS260198', '320101200806020198', '', '在籍'),
  ('高一', '4班', '测试学生0199', '男', 'CS260199', '320101200807030199', '', '在籍'),
  ('高一', '4班', '测试学生0200', '女', 'CS260200', '320101200808040200', '', '在籍');
INSERT INTO tmp_student_seed (grade_name, class_name, student_name, gender, student_no, id_card, elective_class, student_status) VALUES
  ('高一', '5班', '测试学生0201', '男', 'CS260201', '320101200809050201', '', '在籍'),
  ('高一', '5班', '测试学生0202', '女', 'CS260202', '320101200810060202', '', '在籍'),
  ('高一', '5班', '测试学生0203', '男', 'CS260203', '320101200811070203', '', '在籍'),
  ('高一', '5班', '测试学生0204', '女', 'CS260204', '320101200812080204', '', '在籍'),
  ('高一', '5班', '测试学生0205', '男', 'CS260205', '320101200801090205', '', '在籍'),
  ('高一', '5班', '测试学生0206', '女', 'CS260206', '320101200802100206', '', '在籍'),
  ('高一', '5班', '测试学生0207', '男', 'CS260207', '320101200803110207', '', '在籍'),
  ('高一', '5班', '测试学生0208', '女', 'CS260208', '320101200804120208', '', '在籍'),
  ('高一', '5班', '测试学生0209', '男', 'CS260209', '320101200805130209', '', '在籍'),
  ('高一', '5班', '测试学生0210', '女', 'CS260210', '320101200806140210', '', '在籍'),
  ('高一', '5班', '测试学生0211', '男', 'CS260211', '320101200807150211', '', '在籍'),
  ('高一', '5班', '测试学生0212', '女', 'CS260212', '320101200808160212', '', '在籍'),
  ('高一', '5班', '测试学生0213', '男', 'CS260213', '320101200809170213', '', '在籍'),
  ('高一', '5班', '测试学生0214', '女', 'CS260214', '320101200810180214', '', '在籍'),
  ('高一', '5班', '测试学生0215', '男', 'CS260215', '320101200811190215', '', '在籍'),
  ('高一', '5班', '测试学生0216', '女', 'CS260216', '320101200812200216', '', '在籍'),
  ('高一', '5班', '测试学生0217', '男', 'CS260217', '320101200801210217', '', '在籍'),
  ('高一', '5班', '测试学生0218', '女', 'CS260218', '320101200802220218', '', '在籍'),
  ('高一', '5班', '测试学生0219', '男', 'CS260219', '320101200803230219', '', '在籍'),
  ('高一', '5班', '测试学生0220', '女', 'CS260220', '320101200804240220', '', '在籍'),
  ('高一', '5班', '测试学生0221', '男', 'CS260221', '320101200805250221', '', '在籍'),
  ('高一', '5班', '测试学生0222', '女', 'CS260222', '320101200806260222', '', '在籍'),
  ('高一', '5班', '测试学生0223', '男', 'CS260223', '320101200807270223', '', '在籍'),
  ('高一', '5班', '测试学生0224', '女', 'CS260224', '320101200808280224', '', '在籍'),
  ('高一', '5班', '测试学生0225', '男', 'CS260225', '320101200809010225', '', '在籍'),
  ('高一', '5班', '测试学生0226', '女', 'CS260226', '320101200810020226', '', '在籍'),
  ('高一', '5班', '测试学生0227', '男', 'CS260227', '320101200811030227', '', '在籍'),
  ('高一', '5班', '测试学生0228', '女', 'CS260228', '320101200812040228', '', '在籍'),
  ('高一', '5班', '测试学生0229', '男', 'CS260229', '320101200801050229', '', '在籍'),
  ('高一', '5班', '测试学生0230', '女', 'CS260230', '320101200802060230', '', '在籍'),
  ('高一', '5班', '测试学生0231', '男', 'CS260231', '320101200803070231', '', '在籍'),
  ('高一', '5班', '测试学生0232', '女', 'CS260232', '320101200804080232', '', '在籍'),
  ('高一', '5班', '测试学生0233', '男', 'CS260233', '320101200805090233', '', '在籍'),
  ('高一', '5班', '测试学生0234', '女', 'CS260234', '320101200806100234', '', '在籍'),
  ('高一', '5班', '测试学生0235', '男', 'CS260235', '320101200807110235', '', '在籍'),
  ('高一', '5班', '测试学生0236', '女', 'CS260236', '320101200808120236', '', '在籍'),
  ('高一', '5班', '测试学生0237', '男', 'CS260237', '320101200809130237', '', '在籍'),
  ('高一', '5班', '测试学生0238', '女', 'CS260238', '320101200810140238', '', '在籍'),
  ('高一', '5班', '测试学生0239', '男', 'CS260239', '320101200811150239', '', '在籍'),
  ('高一', '5班', '测试学生0240', '女', 'CS260240', '320101200812160240', '', '在籍'),
  ('高一', '5班', '测试学生0241', '男', 'CS260241', '320101200801170241', '', '在籍'),
  ('高一', '5班', '测试学生0242', '女', 'CS260242', '320101200802180242', '', '在籍'),
  ('高一', '5班', '测试学生0243', '男', 'CS260243', '320101200803190243', '', '在籍'),
  ('高一', '5班', '测试学生0244', '女', 'CS260244', '320101200804200244', '', '在籍'),
  ('高一', '5班', '测试学生0245', '男', 'CS260245', '320101200805210245', '', '在籍'),
  ('高一', '5班', '测试学生0246', '女', 'CS260246', '320101200806220246', '', '在籍'),
  ('高一', '5班', '测试学生0247', '男', 'CS260247', '320101200807230247', '', '在籍'),
  ('高一', '5班', '测试学生0248', '女', 'CS260248', '320101200808240248', '', '在籍'),
  ('高一', '5班', '测试学生0249', '男', 'CS260249', '320101200809250249', '', '在籍'),
  ('高一', '5班', '测试学生0250', '女', 'CS260250', '320101200810260250', '', '在籍'),
  ('高一', '6班', '测试学生0251', '男', 'CS260251', '320101200811270251', '', '在籍'),
  ('高一', '6班', '测试学生0252', '女', 'CS260252', '320101200812280252', '', '在籍'),
  ('高一', '6班', '测试学生0253', '男', 'CS260253', '320101200801010253', '', '在籍'),
  ('高一', '6班', '测试学生0254', '女', 'CS260254', '320101200802020254', '', '在籍'),
  ('高一', '6班', '测试学生0255', '男', 'CS260255', '320101200803030255', '', '在籍'),
  ('高一', '6班', '测试学生0256', '女', 'CS260256', '320101200804040256', '', '在籍'),
  ('高一', '6班', '测试学生0257', '男', 'CS260257', '320101200805050257', '', '在籍'),
  ('高一', '6班', '测试学生0258', '女', 'CS260258', '320101200806060258', '', '在籍'),
  ('高一', '6班', '测试学生0259', '男', 'CS260259', '320101200807070259', '', '在籍'),
  ('高一', '6班', '测试学生0260', '女', 'CS260260', '320101200808080260', '', '在籍'),
  ('高一', '6班', '测试学生0261', '男', 'CS260261', '320101200809090261', '', '在籍'),
  ('高一', '6班', '测试学生0262', '女', 'CS260262', '320101200810100262', '', '在籍'),
  ('高一', '6班', '测试学生0263', '男', 'CS260263', '320101200811110263', '', '在籍'),
  ('高一', '6班', '测试学生0264', '女', 'CS260264', '320101200812120264', '', '在籍'),
  ('高一', '6班', '测试学生0265', '男', 'CS260265', '320101200801130265', '', '在籍'),
  ('高一', '6班', '测试学生0266', '女', 'CS260266', '320101200802140266', '', '在籍'),
  ('高一', '6班', '测试学生0267', '男', 'CS260267', '320101200803150267', '', '在籍'),
  ('高一', '6班', '测试学生0268', '女', 'CS260268', '320101200804160268', '', '在籍'),
  ('高一', '6班', '测试学生0269', '男', 'CS260269', '320101200805170269', '', '在籍'),
  ('高一', '6班', '测试学生0270', '女', 'CS260270', '320101200806180270', '', '在籍'),
  ('高一', '6班', '测试学生0271', '男', 'CS260271', '320101200807190271', '', '在籍'),
  ('高一', '6班', '测试学生0272', '女', 'CS260272', '320101200808200272', '', '在籍'),
  ('高一', '6班', '测试学生0273', '男', 'CS260273', '320101200809210273', '', '在籍'),
  ('高一', '6班', '测试学生0274', '女', 'CS260274', '320101200810220274', '', '在籍'),
  ('高一', '6班', '测试学生0275', '男', 'CS260275', '320101200811230275', '', '在籍'),
  ('高一', '6班', '测试学生0276', '女', 'CS260276', '320101200812240276', '', '在籍'),
  ('高一', '6班', '测试学生0277', '男', 'CS260277', '320101200801250277', '', '在籍'),
  ('高一', '6班', '测试学生0278', '女', 'CS260278', '320101200802260278', '', '在籍'),
  ('高一', '6班', '测试学生0279', '男', 'CS260279', '320101200803270279', '', '在籍'),
  ('高一', '6班', '测试学生0280', '女', 'CS260280', '320101200804280280', '', '在籍'),
  ('高一', '6班', '测试学生0281', '男', 'CS260281', '320101200805010281', '', '在籍'),
  ('高一', '6班', '测试学生0282', '女', 'CS260282', '320101200806020282', '', '在籍'),
  ('高一', '6班', '测试学生0283', '男', 'CS260283', '320101200807030283', '', '在籍'),
  ('高一', '6班', '测试学生0284', '女', 'CS260284', '320101200808040284', '', '在籍'),
  ('高一', '6班', '测试学生0285', '男', 'CS260285', '320101200809050285', '', '在籍'),
  ('高一', '6班', '测试学生0286', '女', 'CS260286', '320101200810060286', '', '在籍'),
  ('高一', '6班', '测试学生0287', '男', 'CS260287', '320101200811070287', '', '在籍'),
  ('高一', '6班', '测试学生0288', '女', 'CS260288', '320101200812080288', '', '在籍'),
  ('高一', '6班', '测试学生0289', '男', 'CS260289', '320101200801090289', '', '在籍'),
  ('高一', '6班', '测试学生0290', '女', 'CS260290', '320101200802100290', '', '在籍'),
  ('高一', '6班', '测试学生0291', '男', 'CS260291', '320101200803110291', '', '在籍'),
  ('高一', '6班', '测试学生0292', '女', 'CS260292', '320101200804120292', '', '在籍'),
  ('高一', '6班', '测试学生0293', '男', 'CS260293', '320101200805130293', '', '在籍'),
  ('高一', '6班', '测试学生0294', '女', 'CS260294', '320101200806140294', '', '在籍'),
  ('高一', '6班', '测试学生0295', '男', 'CS260295', '320101200807150295', '', '在籍'),
  ('高一', '6班', '测试学生0296', '女', 'CS260296', '320101200808160296', '', '在籍'),
  ('高一', '6班', '测试学生0297', '男', 'CS260297', '320101200809170297', '', '在籍'),
  ('高一', '6班', '测试学生0298', '女', 'CS260298', '320101200810180298', '', '在籍'),
  ('高一', '6班', '测试学生0299', '男', 'CS260299', '320101200811190299', '', '在籍'),
  ('高一', '6班', '测试学生0300', '女', 'CS260300', '320101200812200300', '', '在籍'),
  ('高一', '7班', '测试学生0301', '男', 'CS260301', '320101200801210301', '', '在籍'),
  ('高一', '7班', '测试学生0302', '女', 'CS260302', '320101200802220302', '', '在籍'),
  ('高一', '7班', '测试学生0303', '男', 'CS260303', '320101200803230303', '', '在籍'),
  ('高一', '7班', '测试学生0304', '女', 'CS260304', '320101200804240304', '', '在籍'),
  ('高一', '7班', '测试学生0305', '男', 'CS260305', '320101200805250305', '', '在籍'),
  ('高一', '7班', '测试学生0306', '女', 'CS260306', '320101200806260306', '', '在籍'),
  ('高一', '7班', '测试学生0307', '男', 'CS260307', '320101200807270307', '', '在籍'),
  ('高一', '7班', '测试学生0308', '女', 'CS260308', '320101200808280308', '', '在籍'),
  ('高一', '7班', '测试学生0309', '男', 'CS260309', '320101200809010309', '', '在籍'),
  ('高一', '7班', '测试学生0310', '女', 'CS260310', '320101200810020310', '', '在籍'),
  ('高一', '7班', '测试学生0311', '男', 'CS260311', '320101200811030311', '', '在籍'),
  ('高一', '7班', '测试学生0312', '女', 'CS260312', '320101200812040312', '', '在籍'),
  ('高一', '7班', '测试学生0313', '男', 'CS260313', '320101200801050313', '', '在籍'),
  ('高一', '7班', '测试学生0314', '女', 'CS260314', '320101200802060314', '', '在籍'),
  ('高一', '7班', '测试学生0315', '男', 'CS260315', '320101200803070315', '', '在籍'),
  ('高一', '7班', '测试学生0316', '女', 'CS260316', '320101200804080316', '', '在籍'),
  ('高一', '7班', '测试学生0317', '男', 'CS260317', '320101200805090317', '', '在籍'),
  ('高一', '7班', '测试学生0318', '女', 'CS260318', '320101200806100318', '', '在籍'),
  ('高一', '7班', '测试学生0319', '男', 'CS260319', '320101200807110319', '', '在籍'),
  ('高一', '7班', '测试学生0320', '女', 'CS260320', '320101200808120320', '', '在籍'),
  ('高一', '7班', '测试学生0321', '男', 'CS260321', '320101200809130321', '', '在籍'),
  ('高一', '7班', '测试学生0322', '女', 'CS260322', '320101200810140322', '', '在籍'),
  ('高一', '7班', '测试学生0323', '男', 'CS260323', '320101200811150323', '', '在籍'),
  ('高一', '7班', '测试学生0324', '女', 'CS260324', '320101200812160324', '', '在籍'),
  ('高一', '7班', '测试学生0325', '男', 'CS260325', '320101200801170325', '', '在籍'),
  ('高一', '7班', '测试学生0326', '女', 'CS260326', '320101200802180326', '', '在籍'),
  ('高一', '7班', '测试学生0327', '男', 'CS260327', '320101200803190327', '', '在籍'),
  ('高一', '7班', '测试学生0328', '女', 'CS260328', '320101200804200328', '', '在籍'),
  ('高一', '7班', '测试学生0329', '男', 'CS260329', '320101200805210329', '', '在籍'),
  ('高一', '7班', '测试学生0330', '女', 'CS260330', '320101200806220330', '', '在籍'),
  ('高一', '7班', '测试学生0331', '男', 'CS260331', '320101200807230331', '', '在籍'),
  ('高一', '7班', '测试学生0332', '女', 'CS260332', '320101200808240332', '', '在籍'),
  ('高一', '7班', '测试学生0333', '男', 'CS260333', '320101200809250333', '', '在籍'),
  ('高一', '7班', '测试学生0334', '女', 'CS260334', '320101200810260334', '', '在籍'),
  ('高一', '7班', '测试学生0335', '男', 'CS260335', '320101200811270335', '', '在籍'),
  ('高一', '7班', '测试学生0336', '女', 'CS260336', '320101200812280336', '', '在籍'),
  ('高一', '7班', '测试学生0337', '男', 'CS260337', '320101200801010337', '', '在籍'),
  ('高一', '7班', '测试学生0338', '女', 'CS260338', '320101200802020338', '', '在籍'),
  ('高一', '7班', '测试学生0339', '男', 'CS260339', '320101200803030339', '', '在籍'),
  ('高一', '7班', '测试学生0340', '女', 'CS260340', '320101200804040340', '', '在籍'),
  ('高一', '7班', '测试学生0341', '男', 'CS260341', '320101200805050341', '', '在籍'),
  ('高一', '7班', '测试学生0342', '女', 'CS260342', '320101200806060342', '', '在籍'),
  ('高一', '7班', '测试学生0343', '男', 'CS260343', '320101200807070343', '', '在籍'),
  ('高一', '7班', '测试学生0344', '女', 'CS260344', '320101200808080344', '', '在籍'),
  ('高一', '7班', '测试学生0345', '男', 'CS260345', '320101200809090345', '', '在籍'),
  ('高一', '7班', '测试学生0346', '女', 'CS260346', '320101200810100346', '', '在籍'),
  ('高一', '7班', '测试学生0347', '男', 'CS260347', '320101200811110347', '', '在籍'),
  ('高一', '7班', '测试学生0348', '女', 'CS260348', '320101200812120348', '', '在籍'),
  ('高一', '7班', '测试学生0349', '男', 'CS260349', '320101200801130349', '', '在籍'),
  ('高一', '7班', '测试学生0350', '女', 'CS260350', '320101200802140350', '', '在籍'),
  ('高一', '8班', '测试学生0351', '男', 'CS260351', '320101200803150351', '', '在籍'),
  ('高一', '8班', '测试学生0352', '女', 'CS260352', '320101200804160352', '', '在籍'),
  ('高一', '8班', '测试学生0353', '男', 'CS260353', '320101200805170353', '', '在籍'),
  ('高一', '8班', '测试学生0354', '女', 'CS260354', '320101200806180354', '', '在籍'),
  ('高一', '8班', '测试学生0355', '男', 'CS260355', '320101200807190355', '', '在籍'),
  ('高一', '8班', '测试学生0356', '女', 'CS260356', '320101200808200356', '', '在籍'),
  ('高一', '8班', '测试学生0357', '男', 'CS260357', '320101200809210357', '', '在籍'),
  ('高一', '8班', '测试学生0358', '女', 'CS260358', '320101200810220358', '', '在籍'),
  ('高一', '8班', '测试学生0359', '男', 'CS260359', '320101200811230359', '', '在籍'),
  ('高一', '8班', '测试学生0360', '女', 'CS260360', '320101200812240360', '', '在籍'),
  ('高一', '8班', '测试学生0361', '男', 'CS260361', '320101200801250361', '', '在籍'),
  ('高一', '8班', '测试学生0362', '女', 'CS260362', '320101200802260362', '', '在籍'),
  ('高一', '8班', '测试学生0363', '男', 'CS260363', '320101200803270363', '', '在籍'),
  ('高一', '8班', '测试学生0364', '女', 'CS260364', '320101200804280364', '', '在籍'),
  ('高一', '8班', '测试学生0365', '男', 'CS260365', '320101200805010365', '', '在籍'),
  ('高一', '8班', '测试学生0366', '女', 'CS260366', '320101200806020366', '', '在籍'),
  ('高一', '8班', '测试学生0367', '男', 'CS260367', '320101200807030367', '', '在籍'),
  ('高一', '8班', '测试学生0368', '女', 'CS260368', '320101200808040368', '', '在籍'),
  ('高一', '8班', '测试学生0369', '男', 'CS260369', '320101200809050369', '', '在籍'),
  ('高一', '8班', '测试学生0370', '女', 'CS260370', '320101200810060370', '', '在籍'),
  ('高一', '8班', '测试学生0371', '男', 'CS260371', '320101200811070371', '', '在籍'),
  ('高一', '8班', '测试学生0372', '女', 'CS260372', '320101200812080372', '', '在籍'),
  ('高一', '8班', '测试学生0373', '男', 'CS260373', '320101200801090373', '', '在籍'),
  ('高一', '8班', '测试学生0374', '女', 'CS260374', '320101200802100374', '', '在籍'),
  ('高一', '8班', '测试学生0375', '男', 'CS260375', '320101200803110375', '', '在籍'),
  ('高一', '8班', '测试学生0376', '女', 'CS260376', '320101200804120376', '', '在籍'),
  ('高一', '8班', '测试学生0377', '男', 'CS260377', '320101200805130377', '', '在籍'),
  ('高一', '8班', '测试学生0378', '女', 'CS260378', '320101200806140378', '', '在籍'),
  ('高一', '8班', '测试学生0379', '男', 'CS260379', '320101200807150379', '', '在籍'),
  ('高一', '8班', '测试学生0380', '女', 'CS260380', '320101200808160380', '', '在籍'),
  ('高一', '8班', '测试学生0381', '男', 'CS260381', '320101200809170381', '', '在籍'),
  ('高一', '8班', '测试学生0382', '女', 'CS260382', '320101200810180382', '', '在籍'),
  ('高一', '8班', '测试学生0383', '男', 'CS260383', '320101200811190383', '', '在籍'),
  ('高一', '8班', '测试学生0384', '女', 'CS260384', '320101200812200384', '', '在籍'),
  ('高一', '8班', '测试学生0385', '男', 'CS260385', '320101200801210385', '', '在籍'),
  ('高一', '8班', '测试学生0386', '女', 'CS260386', '320101200802220386', '', '在籍'),
  ('高一', '8班', '测试学生0387', '男', 'CS260387', '320101200803230387', '', '在籍'),
  ('高一', '8班', '测试学生0388', '女', 'CS260388', '320101200804240388', '', '在籍'),
  ('高一', '8班', '测试学生0389', '男', 'CS260389', '320101200805250389', '', '在籍'),
  ('高一', '8班', '测试学生0390', '女', 'CS260390', '320101200806260390', '', '在籍'),
  ('高一', '8班', '测试学生0391', '男', 'CS260391', '320101200807270391', '', '在籍'),
  ('高一', '8班', '测试学生0392', '女', 'CS260392', '320101200808280392', '', '在籍'),
  ('高一', '8班', '测试学生0393', '男', 'CS260393', '320101200809010393', '', '在籍'),
  ('高一', '8班', '测试学生0394', '女', 'CS260394', '320101200810020394', '', '在籍'),
  ('高一', '8班', '测试学生0395', '男', 'CS260395', '320101200811030395', '', '在籍'),
  ('高一', '8班', '测试学生0396', '女', 'CS260396', '320101200812040396', '', '在籍'),
  ('高一', '8班', '测试学生0397', '男', 'CS260397', '320101200801050397', '', '在籍'),
  ('高一', '8班', '测试学生0398', '女', 'CS260398', '320101200802060398', '', '在籍'),
  ('高一', '8班', '测试学生0399', '男', 'CS260399', '320101200803070399', '', '在籍'),
  ('高一', '8班', '测试学生0400', '女', 'CS260400', '320101200804080400', '', '在籍');
INSERT INTO tmp_student_seed (grade_name, class_name, student_name, gender, student_no, id_card, elective_class, student_status) VALUES
  ('高一', '9班', '测试学生0401', '男', 'CS260401', '320101200805090401', '', '在籍'),
  ('高一', '9班', '测试学生0402', '女', 'CS260402', '320101200806100402', '', '在籍'),
  ('高一', '9班', '测试学生0403', '男', 'CS260403', '320101200807110403', '', '在籍'),
  ('高一', '9班', '测试学生0404', '女', 'CS260404', '320101200808120404', '', '在籍'),
  ('高一', '9班', '测试学生0405', '男', 'CS260405', '320101200809130405', '', '在籍'),
  ('高一', '9班', '测试学生0406', '女', 'CS260406', '320101200810140406', '', '在籍'),
  ('高一', '9班', '测试学生0407', '男', 'CS260407', '320101200811150407', '', '在籍'),
  ('高一', '9班', '测试学生0408', '女', 'CS260408', '320101200812160408', '', '在籍'),
  ('高一', '9班', '测试学生0409', '男', 'CS260409', '320101200801170409', '', '在籍'),
  ('高一', '9班', '测试学生0410', '女', 'CS260410', '320101200802180410', '', '在籍'),
  ('高一', '9班', '测试学生0411', '男', 'CS260411', '320101200803190411', '', '在籍'),
  ('高一', '9班', '测试学生0412', '女', 'CS260412', '320101200804200412', '', '在籍'),
  ('高一', '9班', '测试学生0413', '男', 'CS260413', '320101200805210413', '', '在籍'),
  ('高一', '9班', '测试学生0414', '女', 'CS260414', '320101200806220414', '', '在籍'),
  ('高一', '9班', '测试学生0415', '男', 'CS260415', '320101200807230415', '', '在籍'),
  ('高一', '9班', '测试学生0416', '女', 'CS260416', '320101200808240416', '', '在籍'),
  ('高一', '9班', '测试学生0417', '男', 'CS260417', '320101200809250417', '', '在籍'),
  ('高一', '9班', '测试学生0418', '女', 'CS260418', '320101200810260418', '', '在籍'),
  ('高一', '9班', '测试学生0419', '男', 'CS260419', '320101200811270419', '', '在籍'),
  ('高一', '9班', '测试学生0420', '女', 'CS260420', '320101200812280420', '', '在籍'),
  ('高一', '9班', '测试学生0421', '男', 'CS260421', '320101200801010421', '', '在籍'),
  ('高一', '9班', '测试学生0422', '女', 'CS260422', '320101200802020422', '', '在籍'),
  ('高一', '9班', '测试学生0423', '男', 'CS260423', '320101200803030423', '', '在籍'),
  ('高一', '9班', '测试学生0424', '女', 'CS260424', '320101200804040424', '', '在籍'),
  ('高一', '9班', '测试学生0425', '男', 'CS260425', '320101200805050425', '', '在籍'),
  ('高一', '9班', '测试学生0426', '女', 'CS260426', '320101200806060426', '', '在籍'),
  ('高一', '9班', '测试学生0427', '男', 'CS260427', '320101200807070427', '', '在籍'),
  ('高一', '9班', '测试学生0428', '女', 'CS260428', '320101200808080428', '', '在籍'),
  ('高一', '9班', '测试学生0429', '男', 'CS260429', '320101200809090429', '', '在籍'),
  ('高一', '9班', '测试学生0430', '女', 'CS260430', '320101200810100430', '', '在籍'),
  ('高一', '9班', '测试学生0431', '男', 'CS260431', '320101200811110431', '', '在籍'),
  ('高一', '9班', '测试学生0432', '女', 'CS260432', '320101200812120432', '', '在籍'),
  ('高一', '9班', '测试学生0433', '男', 'CS260433', '320101200801130433', '', '在籍'),
  ('高一', '9班', '测试学生0434', '女', 'CS260434', '320101200802140434', '', '在籍'),
  ('高一', '9班', '测试学生0435', '男', 'CS260435', '320101200803150435', '', '在籍'),
  ('高一', '9班', '测试学生0436', '女', 'CS260436', '320101200804160436', '', '在籍'),
  ('高一', '9班', '测试学生0437', '男', 'CS260437', '320101200805170437', '', '在籍'),
  ('高一', '9班', '测试学生0438', '女', 'CS260438', '320101200806180438', '', '在籍'),
  ('高一', '9班', '测试学生0439', '男', 'CS260439', '320101200807190439', '', '在籍'),
  ('高一', '9班', '测试学生0440', '女', 'CS260440', '320101200808200440', '', '在籍'),
  ('高一', '9班', '测试学生0441', '男', 'CS260441', '320101200809210441', '', '在籍'),
  ('高一', '9班', '测试学生0442', '女', 'CS260442', '320101200810220442', '', '在籍'),
  ('高一', '9班', '测试学生0443', '男', 'CS260443', '320101200811230443', '', '在籍'),
  ('高一', '9班', '测试学生0444', '女', 'CS260444', '320101200812240444', '', '在籍'),
  ('高一', '9班', '测试学生0445', '男', 'CS260445', '320101200801250445', '', '在籍'),
  ('高一', '9班', '测试学生0446', '女', 'CS260446', '320101200802260446', '', '在籍'),
  ('高一', '9班', '测试学生0447', '男', 'CS260447', '320101200803270447', '', '在籍'),
  ('高一', '9班', '测试学生0448', '女', 'CS260448', '320101200804280448', '', '在籍'),
  ('高一', '9班', '测试学生0449', '男', 'CS260449', '320101200805010449', '', '在籍'),
  ('高一', '9班', '测试学生0450', '女', 'CS260450', '320101200806020450', '', '在籍'),
  ('高一', '10班', '测试学生0451', '男', 'CS260451', '320101200807030451', '', '在籍'),
  ('高一', '10班', '测试学生0452', '女', 'CS260452', '320101200808040452', '', '在籍'),
  ('高一', '10班', '测试学生0453', '男', 'CS260453', '320101200809050453', '', '在籍'),
  ('高一', '10班', '测试学生0454', '女', 'CS260454', '320101200810060454', '', '在籍'),
  ('高一', '10班', '测试学生0455', '男', 'CS260455', '320101200811070455', '', '在籍'),
  ('高一', '10班', '测试学生0456', '女', 'CS260456', '320101200812080456', '', '在籍'),
  ('高一', '10班', '测试学生0457', '男', 'CS260457', '320101200801090457', '', '在籍'),
  ('高一', '10班', '测试学生0458', '女', 'CS260458', '320101200802100458', '', '在籍'),
  ('高一', '10班', '测试学生0459', '男', 'CS260459', '320101200803110459', '', '在籍'),
  ('高一', '10班', '测试学生0460', '女', 'CS260460', '320101200804120460', '', '在籍'),
  ('高一', '10班', '测试学生0461', '男', 'CS260461', '320101200805130461', '', '在籍'),
  ('高一', '10班', '测试学生0462', '女', 'CS260462', '320101200806140462', '', '在籍'),
  ('高一', '10班', '测试学生0463', '男', 'CS260463', '320101200807150463', '', '在籍'),
  ('高一', '10班', '测试学生0464', '女', 'CS260464', '320101200808160464', '', '在籍'),
  ('高一', '10班', '测试学生0465', '男', 'CS260465', '320101200809170465', '', '在籍'),
  ('高一', '10班', '测试学生0466', '女', 'CS260466', '320101200810180466', '', '在籍'),
  ('高一', '10班', '测试学生0467', '男', 'CS260467', '320101200811190467', '', '在籍'),
  ('高一', '10班', '测试学生0468', '女', 'CS260468', '320101200812200468', '', '在籍'),
  ('高一', '10班', '测试学生0469', '男', 'CS260469', '320101200801210469', '', '在籍'),
  ('高一', '10班', '测试学生0470', '女', 'CS260470', '320101200802220470', '', '在籍'),
  ('高一', '10班', '测试学生0471', '男', 'CS260471', '320101200803230471', '', '在籍'),
  ('高一', '10班', '测试学生0472', '女', 'CS260472', '320101200804240472', '', '在籍'),
  ('高一', '10班', '测试学生0473', '男', 'CS260473', '320101200805250473', '', '在籍'),
  ('高一', '10班', '测试学生0474', '女', 'CS260474', '320101200806260474', '', '在籍'),
  ('高一', '10班', '测试学生0475', '男', 'CS260475', '320101200807270475', '', '在籍'),
  ('高一', '10班', '测试学生0476', '女', 'CS260476', '320101200808280476', '', '在籍'),
  ('高一', '10班', '测试学生0477', '男', 'CS260477', '320101200809010477', '', '在籍'),
  ('高一', '10班', '测试学生0478', '女', 'CS260478', '320101200810020478', '', '在籍'),
  ('高一', '10班', '测试学生0479', '男', 'CS260479', '320101200811030479', '', '在籍'),
  ('高一', '10班', '测试学生0480', '女', 'CS260480', '320101200812040480', '', '在籍'),
  ('高一', '10班', '测试学生0481', '男', 'CS260481', '320101200801050481', '', '在籍'),
  ('高一', '10班', '测试学生0482', '女', 'CS260482', '320101200802060482', '', '在籍'),
  ('高一', '10班', '测试学生0483', '男', 'CS260483', '320101200803070483', '', '在籍'),
  ('高一', '10班', '测试学生0484', '女', 'CS260484', '320101200804080484', '', '在籍'),
  ('高一', '10班', '测试学生0485', '男', 'CS260485', '320101200805090485', '', '在籍'),
  ('高一', '10班', '测试学生0486', '女', 'CS260486', '320101200806100486', '', '在籍'),
  ('高一', '10班', '测试学生0487', '男', 'CS260487', '320101200807110487', '', '在籍'),
  ('高一', '10班', '测试学生0488', '女', 'CS260488', '320101200808120488', '', '在籍'),
  ('高一', '10班', '测试学生0489', '男', 'CS260489', '320101200809130489', '', '在籍'),
  ('高一', '10班', '测试学生0490', '女', 'CS260490', '320101200810140490', '', '在籍'),
  ('高一', '10班', '测试学生0491', '男', 'CS260491', '320101200811150491', '', '在籍'),
  ('高一', '10班', '测试学生0492', '女', 'CS260492', '320101200812160492', '', '在籍'),
  ('高一', '10班', '测试学生0493', '男', 'CS260493', '320101200801170493', '', '在籍'),
  ('高一', '10班', '测试学生0494', '女', 'CS260494', '320101200802180494', '', '在籍'),
  ('高一', '10班', '测试学生0495', '男', 'CS260495', '320101200803190495', '', '在籍'),
  ('高一', '10班', '测试学生0496', '女', 'CS260496', '320101200804200496', '', '在籍'),
  ('高一', '10班', '测试学生0497', '男', 'CS260497', '320101200805210497', '', '在籍'),
  ('高一', '10班', '测试学生0498', '女', 'CS260498', '320101200806220498', '', '在籍'),
  ('高一', '10班', '测试学生0499', '男', 'CS260499', '320101200807230499', '', '在籍'),
  ('高一', '10班', '测试学生0500', '女', 'CS260500', '320101200808240500', '', '在籍'),
  ('高一', '11班', '测试学生0501', '男', 'CS260501', '320101200809250501', '', '在籍'),
  ('高一', '11班', '测试学生0502', '女', 'CS260502', '320101200810260502', '', '在籍'),
  ('高一', '11班', '测试学生0503', '男', 'CS260503', '320101200811270503', '', '在籍'),
  ('高一', '11班', '测试学生0504', '女', 'CS260504', '320101200812280504', '', '在籍'),
  ('高一', '11班', '测试学生0505', '男', 'CS260505', '320101200801010505', '', '在籍'),
  ('高一', '11班', '测试学生0506', '女', 'CS260506', '320101200802020506', '', '在籍'),
  ('高一', '11班', '测试学生0507', '男', 'CS260507', '320101200803030507', '', '在籍'),
  ('高一', '11班', '测试学生0508', '女', 'CS260508', '320101200804040508', '', '在籍'),
  ('高一', '11班', '测试学生0509', '男', 'CS260509', '320101200805050509', '', '在籍'),
  ('高一', '11班', '测试学生0510', '女', 'CS260510', '320101200806060510', '', '在籍'),
  ('高一', '11班', '测试学生0511', '男', 'CS260511', '320101200807070511', '', '在籍'),
  ('高一', '11班', '测试学生0512', '女', 'CS260512', '320101200808080512', '', '在籍'),
  ('高一', '11班', '测试学生0513', '男', 'CS260513', '320101200809090513', '', '在籍'),
  ('高一', '11班', '测试学生0514', '女', 'CS260514', '320101200810100514', '', '在籍'),
  ('高一', '11班', '测试学生0515', '男', 'CS260515', '320101200811110515', '', '在籍'),
  ('高一', '11班', '测试学生0516', '女', 'CS260516', '320101200812120516', '', '在籍'),
  ('高一', '11班', '测试学生0517', '男', 'CS260517', '320101200801130517', '', '在籍'),
  ('高一', '11班', '测试学生0518', '女', 'CS260518', '320101200802140518', '', '在籍'),
  ('高一', '11班', '测试学生0519', '男', 'CS260519', '320101200803150519', '', '在籍'),
  ('高一', '11班', '测试学生0520', '女', 'CS260520', '320101200804160520', '', '在籍'),
  ('高一', '11班', '测试学生0521', '男', 'CS260521', '320101200805170521', '', '在籍'),
  ('高一', '11班', '测试学生0522', '女', 'CS260522', '320101200806180522', '', '在籍'),
  ('高一', '11班', '测试学生0523', '男', 'CS260523', '320101200807190523', '', '在籍'),
  ('高一', '11班', '测试学生0524', '女', 'CS260524', '320101200808200524', '', '在籍'),
  ('高一', '11班', '测试学生0525', '男', 'CS260525', '320101200809210525', '', '在籍'),
  ('高一', '11班', '测试学生0526', '女', 'CS260526', '320101200810220526', '', '在籍'),
  ('高一', '11班', '测试学生0527', '男', 'CS260527', '320101200811230527', '', '在籍'),
  ('高一', '11班', '测试学生0528', '女', 'CS260528', '320101200812240528', '', '在籍'),
  ('高一', '11班', '测试学生0529', '男', 'CS260529', '320101200801250529', '', '在籍'),
  ('高一', '11班', '测试学生0530', '女', 'CS260530', '320101200802260530', '', '在籍'),
  ('高一', '11班', '测试学生0531', '男', 'CS260531', '320101200803270531', '', '在籍'),
  ('高一', '11班', '测试学生0532', '女', 'CS260532', '320101200804280532', '', '在籍'),
  ('高一', '11班', '测试学生0533', '男', 'CS260533', '320101200805010533', '', '在籍'),
  ('高一', '11班', '测试学生0534', '女', 'CS260534', '320101200806020534', '', '在籍'),
  ('高一', '11班', '测试学生0535', '男', 'CS260535', '320101200807030535', '', '在籍'),
  ('高一', '11班', '测试学生0536', '女', 'CS260536', '320101200808040536', '', '在籍'),
  ('高一', '11班', '测试学生0537', '男', 'CS260537', '320101200809050537', '', '在籍'),
  ('高一', '11班', '测试学生0538', '女', 'CS260538', '320101200810060538', '', '在籍'),
  ('高一', '11班', '测试学生0539', '男', 'CS260539', '320101200811070539', '', '在籍'),
  ('高一', '11班', '测试学生0540', '女', 'CS260540', '320101200812080540', '', '在籍'),
  ('高一', '11班', '测试学生0541', '男', 'CS260541', '320101200801090541', '', '在籍'),
  ('高一', '11班', '测试学生0542', '女', 'CS260542', '320101200802100542', '', '在籍'),
  ('高一', '11班', '测试学生0543', '男', 'CS260543', '320101200803110543', '', '在籍'),
  ('高一', '11班', '测试学生0544', '女', 'CS260544', '320101200804120544', '', '在籍'),
  ('高一', '11班', '测试学生0545', '男', 'CS260545', '320101200805130545', '', '在籍'),
  ('高一', '11班', '测试学生0546', '女', 'CS260546', '320101200806140546', '', '在籍'),
  ('高一', '11班', '测试学生0547', '男', 'CS260547', '320101200807150547', '', '在籍'),
  ('高一', '11班', '测试学生0548', '女', 'CS260548', '320101200808160548', '', '在籍'),
  ('高一', '11班', '测试学生0549', '男', 'CS260549', '320101200809170549', '', '在籍'),
  ('高一', '11班', '测试学生0550', '女', 'CS260550', '320101200810180550', '', '在籍'),
  ('高一', '12班', '测试学生0551', '男', 'CS260551', '320101200811190551', '', '在籍'),
  ('高一', '12班', '测试学生0552', '女', 'CS260552', '320101200812200552', '', '在籍'),
  ('高一', '12班', '测试学生0553', '男', 'CS260553', '320101200801210553', '', '在籍'),
  ('高一', '12班', '测试学生0554', '女', 'CS260554', '320101200802220554', '', '在籍'),
  ('高一', '12班', '测试学生0555', '男', 'CS260555', '320101200803230555', '', '在籍'),
  ('高一', '12班', '测试学生0556', '女', 'CS260556', '320101200804240556', '', '在籍'),
  ('高一', '12班', '测试学生0557', '男', 'CS260557', '320101200805250557', '', '在籍'),
  ('高一', '12班', '测试学生0558', '女', 'CS260558', '320101200806260558', '', '在籍'),
  ('高一', '12班', '测试学生0559', '男', 'CS260559', '320101200807270559', '', '在籍'),
  ('高一', '12班', '测试学生0560', '女', 'CS260560', '320101200808280560', '', '在籍'),
  ('高一', '12班', '测试学生0561', '男', 'CS260561', '320101200809010561', '', '在籍'),
  ('高一', '12班', '测试学生0562', '女', 'CS260562', '320101200810020562', '', '在籍'),
  ('高一', '12班', '测试学生0563', '男', 'CS260563', '320101200811030563', '', '在籍'),
  ('高一', '12班', '测试学生0564', '女', 'CS260564', '320101200812040564', '', '在籍'),
  ('高一', '12班', '测试学生0565', '男', 'CS260565', '320101200801050565', '', '在籍'),
  ('高一', '12班', '测试学生0566', '女', 'CS260566', '320101200802060566', '', '在籍'),
  ('高一', '12班', '测试学生0567', '男', 'CS260567', '320101200803070567', '', '在籍'),
  ('高一', '12班', '测试学生0568', '女', 'CS260568', '320101200804080568', '', '在籍'),
  ('高一', '12班', '测试学生0569', '男', 'CS260569', '320101200805090569', '', '在籍'),
  ('高一', '12班', '测试学生0570', '女', 'CS260570', '320101200806100570', '', '在籍'),
  ('高一', '12班', '测试学生0571', '男', 'CS260571', '320101200807110571', '', '在籍'),
  ('高一', '12班', '测试学生0572', '女', 'CS260572', '320101200808120572', '', '在籍'),
  ('高一', '12班', '测试学生0573', '男', 'CS260573', '320101200809130573', '', '在籍'),
  ('高一', '12班', '测试学生0574', '女', 'CS260574', '320101200810140574', '', '在籍'),
  ('高一', '12班', '测试学生0575', '男', 'CS260575', '320101200811150575', '', '在籍'),
  ('高一', '12班', '测试学生0576', '女', 'CS260576', '320101200812160576', '', '在籍'),
  ('高一', '12班', '测试学生0577', '男', 'CS260577', '320101200801170577', '', '在籍'),
  ('高一', '12班', '测试学生0578', '女', 'CS260578', '320101200802180578', '', '在籍'),
  ('高一', '12班', '测试学生0579', '男', 'CS260579', '320101200803190579', '', '在籍'),
  ('高一', '12班', '测试学生0580', '女', 'CS260580', '320101200804200580', '', '在籍'),
  ('高一', '12班', '测试学生0581', '男', 'CS260581', '320101200805210581', '', '在籍'),
  ('高一', '12班', '测试学生0582', '女', 'CS260582', '320101200806220582', '', '在籍'),
  ('高一', '12班', '测试学生0583', '男', 'CS260583', '320101200807230583', '', '在籍'),
  ('高一', '12班', '测试学生0584', '女', 'CS260584', '320101200808240584', '', '在籍'),
  ('高一', '12班', '测试学生0585', '男', 'CS260585', '320101200809250585', '', '在籍'),
  ('高一', '12班', '测试学生0586', '女', 'CS260586', '320101200810260586', '', '在籍'),
  ('高一', '12班', '测试学生0587', '男', 'CS260587', '320101200811270587', '', '在籍'),
  ('高一', '12班', '测试学生0588', '女', 'CS260588', '320101200812280588', '', '在籍'),
  ('高一', '12班', '测试学生0589', '男', 'CS260589', '320101200801010589', '', '在籍'),
  ('高一', '12班', '测试学生0590', '女', 'CS260590', '320101200802020590', '', '在籍'),
  ('高一', '12班', '测试学生0591', '男', 'CS260591', '320101200803030591', '', '在籍'),
  ('高一', '12班', '测试学生0592', '女', 'CS260592', '320101200804040592', '', '在籍'),
  ('高一', '12班', '测试学生0593', '男', 'CS260593', '320101200805050593', '', '在籍'),
  ('高一', '12班', '测试学生0594', '女', 'CS260594', '320101200806060594', '', '在籍'),
  ('高一', '12班', '测试学生0595', '男', 'CS260595', '320101200807070595', '', '在籍'),
  ('高一', '12班', '测试学生0596', '女', 'CS260596', '320101200808080596', '', '在籍'),
  ('高一', '12班', '测试学生0597', '男', 'CS260597', '320101200809090597', '', '在籍'),
  ('高一', '12班', '测试学生0598', '女', 'CS260598', '320101200810100598', '', '在籍'),
  ('高一', '12班', '测试学生0599', '男', 'CS260599', '320101200811110599', '', '在籍'),
  ('高一', '12班', '测试学生0600', '女', 'CS260600', '320101200812120600', '', '在籍');

INSERT INTO students (name, gender, student_no, id_card, elective_class, student_status, class_id, school_id, enabled, password, version)
SELECT t.student_name, t.gender, t.student_no, t.id_card, NULLIF(t.elective_class, ''), t.student_status,
       c.id, @school_id, b'1', NULL, 0
FROM tmp_student_seed t
JOIN grades g ON g.school_id = @school_id AND g.name = t.grade_name
JOIN classes c ON c.school_id = @school_id AND c.grade_id = g.id AND c.name = t.class_name AND c.type = '行政班'
ON DUPLICATE KEY UPDATE
  name = VALUES(name),
  gender = VALUES(gender),
  id_card = VALUES(id_card),
  elective_class = VALUES(elective_class),
  student_status = VALUES(student_status),
  class_id = VALUES(class_id),
  school_id = VALUES(school_id);

INSERT INTO selection_events (school_id, name, round1_start, round1_end, round2_start, round2_end, status, lottery_note, created_at)
SELECT @school_id, @event_name,
       '2026-04-01 08:00:00', '2026-04-03 18:00:00',
       '2026-04-04 08:00:00', '2026-04-06 18:00:00',
       'ROUND1', NULL, NOW()
FROM dual
WHERE NOT EXISTS (
  SELECT 1 FROM selection_events e WHERE e.school_id = @school_id AND e.name = @event_name
);

SET @event_id = (
  SELECT e.id FROM selection_events e
  WHERE e.school_id = @school_id AND e.name = @event_name
  ORDER BY e.id DESC LIMIT 1
);

DELETE FROM course_selections WHERE event_id = @event_id;
DELETE FROM event_students WHERE event_id = @event_id;
DELETE cap FROM course_class_capacities cap JOIN courses c ON c.id = cap.course_id WHERE c.event_id = @event_id;
DELETE FROM courses WHERE event_id = @event_id;

UPDATE selection_events
SET round1_start = '2026-04-01 08:00:00',
    round1_end = '2026-04-03 18:00:00',
    round2_start = '2026-04-04 08:00:00',
    round2_end = '2026-04-06 18:00:00',
    status = 'ROUND1',
    lottery_note = NULL,
    created_at = NOW()
WHERE id = @event_id;

DROP TEMPORARY TABLE IF EXISTS tmp_course_seed;
CREATE TEMPORARY TABLE tmp_course_seed (
  course_name VARCHAR(100) NOT NULL,
  capacity_mode VARCHAR(20) NOT NULL,
  total_capacity INT NOT NULL
);
INSERT INTO tmp_course_seed (course_name, capacity_mode, total_capacity) VALUES
  ('篮球基础', 'GLOBAL', 56),
  ('足球训练', 'GLOBAL', 52),
  ('羽毛球提高', 'GLOBAL', 58),
  ('排球技巧', 'GLOBAL', 54),
  ('乒乓球进阶', 'GLOBAL', 50),
  ('健美操', 'GLOBAL', 48),
  ('武术入门', 'GLOBAL', 60),
  ('田径提升', 'PER_CLASS', 48),
  ('跳绳挑战', 'PER_CLASS', 48);

INSERT INTO courses (event_id, school_id, name, description, teacher_id, capacity_mode, total_capacity, current_count, status)
SELECT @event_id, @school_id, t.course_name, CONCAT('600??????? - ', t.course_name), NULL,
       t.capacity_mode, t.total_capacity, 0, 'ACTIVE'
FROM tmp_course_seed t;

INSERT INTO event_students (event_id, student_id)
SELECT @event_id, s.id
FROM students s
WHERE s.school_id = @school_id
  AND s.student_no LIKE @student_prefix;

INSERT INTO course_class_capacities (course_id, school_class_id, max_capacity, current_count)
SELECT c.id, sc.id, 4, 0
FROM courses c
JOIN classes sc ON sc.school_id = @school_id
JOIN grades g ON g.id = sc.grade_id
WHERE c.event_id = @event_id
  AND c.name IN ('田径提升', '跳绳挑战')
  AND sc.type = '行政班'
  AND g.name = @grade_name
  AND sc.name IN ('1班', '2班', '3班', '4班', '5班', '6班', '7班', '8班', '9班', '10班', '11班', '12班');

DROP TEMPORARY TABLE IF EXISTS tmp_course_selection_seed;
CREATE TEMPORARY TABLE tmp_course_selection_seed (
  student_no VARCHAR(50) NOT NULL,
  course_name VARCHAR(100) NOT NULL,
  preference_no INT NOT NULL,
  selected_at DATETIME NOT NULL
);
INSERT INTO tmp_course_selection_seed (student_no, course_name, preference_no, selected_at) VALUES
  ('CS260001', '排球技巧', 1, '2026-04-01 08:00:00'),
  ('CS260001', '健美操', 2, '2026-04-01 08:00:01'),
  ('CS260002', '足球训练', 1, '2026-04-01 08:00:02'),
  ('CS260002', '乒乓球进阶', 2, '2026-04-01 08:00:03'),
  ('CS260003', '跳绳挑战', 1, '2026-04-01 08:00:04'),
  ('CS260003', '排球技巧', 2, '2026-04-01 08:00:05'),
  ('CS260004', '武术入门', 1, '2026-04-01 08:00:06'),
  ('CS260004', '羽毛球提高', 2, '2026-04-01 08:00:07'),
  ('CS260005', '乒乓球进阶', 1, '2026-04-01 08:00:08'),
  ('CS260005', '足球训练', 2, '2026-04-01 08:00:09'),
  ('CS260006', '羽毛球提高', 1, '2026-04-01 08:00:10'),
  ('CS260006', '乒乓球进阶', 2, '2026-04-01 08:00:11'),
  ('CS260007', '篮球基础', 1, '2026-04-01 08:00:12'),
  ('CS260007', '排球技巧', 2, '2026-04-01 08:00:13'),
  ('CS260008', '田径提升', 1, '2026-04-01 08:00:14'),
  ('CS260008', '羽毛球提高', 2, '2026-04-01 08:00:15'),
  ('CS260009', '健美操', 1, '2026-04-01 08:00:16'),
  ('CS260009', '足球训练', 2, '2026-04-01 08:00:17'),
  ('CS260010', '排球技巧', 1, '2026-04-01 08:00:18'),
  ('CS260010', '篮球基础', 2, '2026-04-01 08:00:19'),
  ('CS260011', '足球训练', 1, '2026-04-01 08:00:20'),
  ('CS260011', '排球技巧', 2, '2026-04-01 08:00:21'),
  ('CS260012', '跳绳挑战', 1, '2026-04-01 08:00:22'),
  ('CS260012', '羽毛球提高', 2, '2026-04-01 08:00:23'),
  ('CS260013', '武术入门', 1, '2026-04-01 08:00:24'),
  ('CS260013', '足球训练', 2, '2026-04-01 08:00:25'),
  ('CS260014', '乒乓球进阶', 1, '2026-04-01 08:00:26'),
  ('CS260014', '篮球基础', 2, '2026-04-01 08:00:27'),
  ('CS260015', '羽毛球提高', 1, '2026-04-01 08:00:28'),
  ('CS260015', '跳绳挑战', 2, '2026-04-01 08:00:29'),
  ('CS260016', '篮球基础', 1, '2026-04-01 08:00:30'),
  ('CS260016', '羽毛球提高', 2, '2026-04-01 08:00:31'),
  ('CS260017', '田径提升', 1, '2026-04-01 08:00:32'),
  ('CS260017', '足球训练', 2, '2026-04-01 08:00:33'),
  ('CS260018', '健美操', 1, '2026-04-01 08:00:34'),
  ('CS260018', '篮球基础', 2, '2026-04-01 08:00:35'),
  ('CS260019', '排球技巧', 1, '2026-04-01 08:00:36'),
  ('CS260019', '跳绳挑战', 2, '2026-04-01 08:00:37'),
  ('CS260020', '足球训练', 1, '2026-04-01 08:00:38'),
  ('CS260020', '田径提升', 2, '2026-04-01 08:00:39'),
  ('CS260021', '跳绳挑战', 1, '2026-04-01 08:00:40'),
  ('CS260021', '足球训练', 2, '2026-04-01 08:00:41'),
  ('CS260022', '武术入门', 1, '2026-04-01 08:00:42'),
  ('CS260022', '篮球基础', 2, '2026-04-01 08:00:43'),
  ('CS260023', '乒乓球进阶', 1, '2026-04-01 08:00:44'),
  ('CS260023', '跳绳挑战', 2, '2026-04-01 08:00:45'),
  ('CS260024', '羽毛球提高', 1, '2026-04-01 08:00:46'),
  ('CS260024', '田径提升', 2, '2026-04-01 08:00:47'),
  ('CS260025', '篮球基础', 1, '2026-04-01 08:00:48'),
  ('CS260025', '武术入门', 2, '2026-04-01 08:00:49'),
  ('CS260026', '田径提升', 1, '2026-04-01 08:00:50'),
  ('CS260026', '篮球基础', 2, '2026-04-01 08:00:51'),
  ('CS260027', '健美操', 1, '2026-04-01 08:00:52'),
  ('CS260027', '跳绳挑战', 2, '2026-04-01 08:00:53'),
  ('CS260028', '排球技巧', 1, '2026-04-01 08:00:54'),
  ('CS260028', '田径提升', 2, '2026-04-01 08:00:55'),
  ('CS260029', '足球训练', 1, '2026-04-01 08:00:56'),
  ('CS260029', '武术入门', 2, '2026-04-01 08:00:57'),
  ('CS260030', '跳绳挑战', 1, '2026-04-01 08:00:58'),
  ('CS260030', '健美操', 2, '2026-04-01 08:00:59'),
  ('CS260031', '武术入门', 1, '2026-04-01 08:01:00'),
  ('CS260031', '跳绳挑战', 2, '2026-04-01 08:01:01'),
  ('CS260032', '乒乓球进阶', 1, '2026-04-01 08:01:02'),
  ('CS260032', '田径提升', 2, '2026-04-01 08:01:03'),
  ('CS260033', '羽毛球提高', 1, '2026-04-01 08:01:04'),
  ('CS260033', '武术入门', 2, '2026-04-01 08:01:05'),
  ('CS260034', '篮球基础', 1, '2026-04-01 08:01:06'),
  ('CS260034', '健美操', 2, '2026-04-01 08:01:07'),
  ('CS260035', '田径提升', 1, '2026-04-01 08:01:08'),
  ('CS260035', '乒乓球进阶', 2, '2026-04-01 08:01:09'),
  ('CS260036', '健美操', 1, '2026-04-01 08:01:10'),
  ('CS260036', '田径提升', 2, '2026-04-01 08:01:11'),
  ('CS260037', '排球技巧', 1, '2026-04-01 08:01:12'),
  ('CS260037', '武术入门', 2, '2026-04-01 08:01:13'),
  ('CS260038', '足球训练', 1, '2026-04-01 08:01:14'),
  ('CS260038', '健美操', 2, '2026-04-01 08:01:15'),
  ('CS260039', '跳绳挑战', 1, '2026-04-01 08:01:16'),
  ('CS260039', '乒乓球进阶', 2, '2026-04-01 08:01:17'),
  ('CS260040', '武术入门', 1, '2026-04-01 08:01:18'),
  ('CS260040', '排球技巧', 2, '2026-04-01 08:01:19'),
  ('CS260041', '乒乓球进阶', 1, '2026-04-01 08:01:20'),
  ('CS260041', '武术入门', 2, '2026-04-01 08:01:21'),
  ('CS260042', '羽毛球提高', 1, '2026-04-01 08:01:22'),
  ('CS260042', '健美操', 2, '2026-04-01 08:01:23'),
  ('CS260043', '篮球基础', 1, '2026-04-01 08:01:24'),
  ('CS260043', '乒乓球进阶', 2, '2026-04-01 08:01:25'),
  ('CS260044', '田径提升', 1, '2026-04-01 08:01:26'),
  ('CS260044', '排球技巧', 2, '2026-04-01 08:01:27'),
  ('CS260045', '健美操', 1, '2026-04-01 08:01:28'),
  ('CS260045', '羽毛球提高', 2, '2026-04-01 08:01:29'),
  ('CS260046', '排球技巧', 1, '2026-04-01 08:01:30'),
  ('CS260046', '健美操', 2, '2026-04-01 08:01:31'),
  ('CS260047', '足球训练', 1, '2026-04-01 08:01:32'),
  ('CS260047', '乒乓球进阶', 2, '2026-04-01 08:01:33'),
  ('CS260048', '跳绳挑战', 1, '2026-04-01 08:01:34'),
  ('CS260048', '排球技巧', 2, '2026-04-01 08:01:35'),
  ('CS260049', '武术入门', 1, '2026-04-01 08:01:36'),
  ('CS260049', '羽毛球提高', 2, '2026-04-01 08:01:37'),
  ('CS260050', '乒乓球进阶', 1, '2026-04-01 08:01:38'),
  ('CS260050', '足球训练', 2, '2026-04-01 08:01:39'),
  ('CS260051', '健美操', 1, '2026-04-01 08:01:40'),
  ('CS260051', '田径提升', 2, '2026-04-01 08:01:41'),
  ('CS260052', '排球技巧', 1, '2026-04-01 08:01:42'),
  ('CS260052', '武术入门', 2, '2026-04-01 08:01:43'),
  ('CS260053', '足球训练', 1, '2026-04-01 08:01:44'),
  ('CS260053', '健美操', 2, '2026-04-01 08:01:45'),
  ('CS260054', '跳绳挑战', 1, '2026-04-01 08:01:46'),
  ('CS260054', '乒乓球进阶', 2, '2026-04-01 08:01:47'),
  ('CS260055', '武术入门', 1, '2026-04-01 08:01:48'),
  ('CS260055', '排球技巧', 2, '2026-04-01 08:01:49'),
  ('CS260056', '乒乓球进阶', 1, '2026-04-01 08:01:50'),
  ('CS260056', '武术入门', 2, '2026-04-01 08:01:51'),
  ('CS260057', '羽毛球提高', 1, '2026-04-01 08:01:52'),
  ('CS260057', '健美操', 2, '2026-04-01 08:01:53'),
  ('CS260058', '篮球基础', 1, '2026-04-01 08:01:54'),
  ('CS260058', '乒乓球进阶', 2, '2026-04-01 08:01:55'),
  ('CS260059', '田径提升', 1, '2026-04-01 08:01:56'),
  ('CS260059', '排球技巧', 2, '2026-04-01 08:01:57'),
  ('CS260060', '健美操', 1, '2026-04-01 08:01:58'),
  ('CS260060', '羽毛球提高', 2, '2026-04-01 08:01:59'),
  ('CS260061', '排球技巧', 1, '2026-04-01 08:02:00'),
  ('CS260061', '健美操', 2, '2026-04-01 08:02:01'),
  ('CS260062', '足球训练', 1, '2026-04-01 08:02:02'),
  ('CS260062', '乒乓球进阶', 2, '2026-04-01 08:02:03'),
  ('CS260063', '跳绳挑战', 1, '2026-04-01 08:02:04'),
  ('CS260063', '排球技巧', 2, '2026-04-01 08:02:05'),
  ('CS260064', '武术入门', 1, '2026-04-01 08:02:06'),
  ('CS260064', '羽毛球提高', 2, '2026-04-01 08:02:07'),
  ('CS260065', '乒乓球进阶', 1, '2026-04-01 08:02:08'),
  ('CS260065', '足球训练', 2, '2026-04-01 08:02:09'),
  ('CS260066', '羽毛球提高', 1, '2026-04-01 08:02:10'),
  ('CS260066', '乒乓球进阶', 2, '2026-04-01 08:02:11'),
  ('CS260067', '篮球基础', 1, '2026-04-01 08:02:12'),
  ('CS260067', '排球技巧', 2, '2026-04-01 08:02:13'),
  ('CS260068', '田径提升', 1, '2026-04-01 08:02:14'),
  ('CS260068', '羽毛球提高', 2, '2026-04-01 08:02:15'),
  ('CS260069', '健美操', 1, '2026-04-01 08:02:16'),
  ('CS260069', '足球训练', 2, '2026-04-01 08:02:17'),
  ('CS260070', '排球技巧', 1, '2026-04-01 08:02:18'),
  ('CS260070', '篮球基础', 2, '2026-04-01 08:02:19'),
  ('CS260071', '足球训练', 1, '2026-04-01 08:02:20'),
  ('CS260071', '排球技巧', 2, '2026-04-01 08:02:21'),
  ('CS260072', '跳绳挑战', 1, '2026-04-01 08:02:22'),
  ('CS260072', '羽毛球提高', 2, '2026-04-01 08:02:23'),
  ('CS260073', '武术入门', 1, '2026-04-01 08:02:24'),
  ('CS260073', '足球训练', 2, '2026-04-01 08:02:25'),
  ('CS260074', '乒乓球进阶', 1, '2026-04-01 08:02:26'),
  ('CS260074', '篮球基础', 2, '2026-04-01 08:02:27'),
  ('CS260075', '羽毛球提高', 1, '2026-04-01 08:02:28'),
  ('CS260075', '跳绳挑战', 2, '2026-04-01 08:02:29'),
  ('CS260076', '篮球基础', 1, '2026-04-01 08:02:30'),
  ('CS260076', '羽毛球提高', 2, '2026-04-01 08:02:31'),
  ('CS260077', '田径提升', 1, '2026-04-01 08:02:32'),
  ('CS260077', '足球训练', 2, '2026-04-01 08:02:33'),
  ('CS260078', '健美操', 1, '2026-04-01 08:02:34'),
  ('CS260078', '篮球基础', 2, '2026-04-01 08:02:35'),
  ('CS260079', '排球技巧', 1, '2026-04-01 08:02:36'),
  ('CS260079', '跳绳挑战', 2, '2026-04-01 08:02:37'),
  ('CS260080', '足球训练', 1, '2026-04-01 08:02:38'),
  ('CS260080', '田径提升', 2, '2026-04-01 08:02:39'),
  ('CS260081', '跳绳挑战', 1, '2026-04-01 08:02:40'),
  ('CS260081', '足球训练', 2, '2026-04-01 08:02:41'),
  ('CS260082', '武术入门', 1, '2026-04-01 08:02:42'),
  ('CS260082', '篮球基础', 2, '2026-04-01 08:02:43'),
  ('CS260083', '乒乓球进阶', 1, '2026-04-01 08:02:44'),
  ('CS260083', '跳绳挑战', 2, '2026-04-01 08:02:45'),
  ('CS260084', '羽毛球提高', 1, '2026-04-01 08:02:46'),
  ('CS260084', '田径提升', 2, '2026-04-01 08:02:47'),
  ('CS260085', '篮球基础', 1, '2026-04-01 08:02:48'),
  ('CS260085', '武术入门', 2, '2026-04-01 08:02:49'),
  ('CS260086', '田径提升', 1, '2026-04-01 08:02:50'),
  ('CS260086', '篮球基础', 2, '2026-04-01 08:02:51'),
  ('CS260087', '健美操', 1, '2026-04-01 08:02:52'),
  ('CS260087', '跳绳挑战', 2, '2026-04-01 08:02:53'),
  ('CS260088', '排球技巧', 1, '2026-04-01 08:02:54'),
  ('CS260088', '田径提升', 2, '2026-04-01 08:02:55'),
  ('CS260089', '足球训练', 1, '2026-04-01 08:02:56'),
  ('CS260089', '武术入门', 2, '2026-04-01 08:02:57'),
  ('CS260090', '跳绳挑战', 1, '2026-04-01 08:02:58'),
  ('CS260090', '健美操', 2, '2026-04-01 08:02:59'),
  ('CS260091', '武术入门', 1, '2026-04-01 08:03:00'),
  ('CS260091', '跳绳挑战', 2, '2026-04-01 08:03:01'),
  ('CS260092', '乒乓球进阶', 1, '2026-04-01 08:03:02'),
  ('CS260092', '田径提升', 2, '2026-04-01 08:03:03'),
  ('CS260093', '羽毛球提高', 1, '2026-04-01 08:03:04'),
  ('CS260093', '武术入门', 2, '2026-04-01 08:03:05'),
  ('CS260094', '篮球基础', 1, '2026-04-01 08:03:06'),
  ('CS260094', '健美操', 2, '2026-04-01 08:03:07'),
  ('CS260095', '田径提升', 1, '2026-04-01 08:03:08'),
  ('CS260095', '乒乓球进阶', 2, '2026-04-01 08:03:09'),
  ('CS260096', '健美操', 1, '2026-04-01 08:03:10'),
  ('CS260096', '田径提升', 2, '2026-04-01 08:03:11'),
  ('CS260097', '排球技巧', 1, '2026-04-01 08:03:12'),
  ('CS260097', '武术入门', 2, '2026-04-01 08:03:13'),
  ('CS260098', '足球训练', 1, '2026-04-01 08:03:14'),
  ('CS260098', '健美操', 2, '2026-04-01 08:03:15'),
  ('CS260099', '跳绳挑战', 1, '2026-04-01 08:03:16'),
  ('CS260099', '乒乓球进阶', 2, '2026-04-01 08:03:17'),
  ('CS260100', '武术入门', 1, '2026-04-01 08:03:18'),
  ('CS260100', '排球技巧', 2, '2026-04-01 08:03:19');
INSERT INTO tmp_course_selection_seed (student_no, course_name, preference_no, selected_at) VALUES
  ('CS260101', '田径提升', 1, '2026-04-01 08:03:20'),
  ('CS260101', '篮球基础', 2, '2026-04-01 08:03:21'),
  ('CS260102', '健美操', 1, '2026-04-01 08:03:22'),
  ('CS260102', '跳绳挑战', 2, '2026-04-01 08:03:23'),
  ('CS260103', '排球技巧', 1, '2026-04-01 08:03:24'),
  ('CS260103', '田径提升', 2, '2026-04-01 08:03:25'),
  ('CS260104', '足球训练', 1, '2026-04-01 08:03:26'),
  ('CS260104', '武术入门', 2, '2026-04-01 08:03:27'),
  ('CS260105', '跳绳挑战', 1, '2026-04-01 08:03:28'),
  ('CS260105', '健美操', 2, '2026-04-01 08:03:29'),
  ('CS260106', '武术入门', 1, '2026-04-01 08:03:30'),
  ('CS260106', '跳绳挑战', 2, '2026-04-01 08:03:31'),
  ('CS260107', '乒乓球进阶', 1, '2026-04-01 08:03:32'),
  ('CS260107', '田径提升', 2, '2026-04-01 08:03:33'),
  ('CS260108', '羽毛球提高', 1, '2026-04-01 08:03:34'),
  ('CS260108', '武术入门', 2, '2026-04-01 08:03:35'),
  ('CS260109', '篮球基础', 1, '2026-04-01 08:03:36'),
  ('CS260109', '健美操', 2, '2026-04-01 08:03:37'),
  ('CS260110', '田径提升', 1, '2026-04-01 08:03:38'),
  ('CS260110', '乒乓球进阶', 2, '2026-04-01 08:03:39'),
  ('CS260111', '健美操', 1, '2026-04-01 08:03:40'),
  ('CS260111', '田径提升', 2, '2026-04-01 08:03:41'),
  ('CS260112', '排球技巧', 1, '2026-04-01 08:03:42'),
  ('CS260112', '武术入门', 2, '2026-04-01 08:03:43'),
  ('CS260113', '足球训练', 1, '2026-04-01 08:03:44'),
  ('CS260113', '健美操', 2, '2026-04-01 08:03:45'),
  ('CS260114', '跳绳挑战', 1, '2026-04-01 08:03:46'),
  ('CS260114', '乒乓球进阶', 2, '2026-04-01 08:03:47'),
  ('CS260115', '武术入门', 1, '2026-04-01 08:03:48'),
  ('CS260115', '排球技巧', 2, '2026-04-01 08:03:49'),
  ('CS260116', '乒乓球进阶', 1, '2026-04-01 08:03:50'),
  ('CS260116', '武术入门', 2, '2026-04-01 08:03:51'),
  ('CS260117', '羽毛球提高', 1, '2026-04-01 08:03:52'),
  ('CS260117', '健美操', 2, '2026-04-01 08:03:53'),
  ('CS260118', '篮球基础', 1, '2026-04-01 08:03:54'),
  ('CS260118', '乒乓球进阶', 2, '2026-04-01 08:03:55'),
  ('CS260119', '田径提升', 1, '2026-04-01 08:03:56'),
  ('CS260119', '排球技巧', 2, '2026-04-01 08:03:57'),
  ('CS260120', '健美操', 1, '2026-04-01 08:03:58'),
  ('CS260120', '羽毛球提高', 2, '2026-04-01 08:03:59'),
  ('CS260121', '排球技巧', 1, '2026-04-01 08:04:00'),
  ('CS260121', '健美操', 2, '2026-04-01 08:04:01'),
  ('CS260122', '足球训练', 1, '2026-04-01 08:04:02'),
  ('CS260122', '乒乓球进阶', 2, '2026-04-01 08:04:03'),
  ('CS260123', '跳绳挑战', 1, '2026-04-01 08:04:04'),
  ('CS260123', '排球技巧', 2, '2026-04-01 08:04:05'),
  ('CS260124', '武术入门', 1, '2026-04-01 08:04:06'),
  ('CS260124', '羽毛球提高', 2, '2026-04-01 08:04:07'),
  ('CS260125', '乒乓球进阶', 1, '2026-04-01 08:04:08'),
  ('CS260125', '足球训练', 2, '2026-04-01 08:04:09'),
  ('CS260126', '羽毛球提高', 1, '2026-04-01 08:04:10'),
  ('CS260126', '乒乓球进阶', 2, '2026-04-01 08:04:11'),
  ('CS260127', '篮球基础', 1, '2026-04-01 08:04:12'),
  ('CS260127', '排球技巧', 2, '2026-04-01 08:04:13'),
  ('CS260128', '田径提升', 1, '2026-04-01 08:04:14'),
  ('CS260128', '羽毛球提高', 2, '2026-04-01 08:04:15'),
  ('CS260129', '健美操', 1, '2026-04-01 08:04:16'),
  ('CS260129', '足球训练', 2, '2026-04-01 08:04:17'),
  ('CS260130', '排球技巧', 1, '2026-04-01 08:04:18'),
  ('CS260130', '篮球基础', 2, '2026-04-01 08:04:19'),
  ('CS260131', '足球训练', 1, '2026-04-01 08:04:20'),
  ('CS260131', '排球技巧', 2, '2026-04-01 08:04:21'),
  ('CS260132', '跳绳挑战', 1, '2026-04-01 08:04:22'),
  ('CS260132', '羽毛球提高', 2, '2026-04-01 08:04:23'),
  ('CS260133', '武术入门', 1, '2026-04-01 08:04:24'),
  ('CS260133', '足球训练', 2, '2026-04-01 08:04:25'),
  ('CS260134', '乒乓球进阶', 1, '2026-04-01 08:04:26'),
  ('CS260134', '篮球基础', 2, '2026-04-01 08:04:27'),
  ('CS260135', '羽毛球提高', 1, '2026-04-01 08:04:28'),
  ('CS260135', '跳绳挑战', 2, '2026-04-01 08:04:29'),
  ('CS260136', '篮球基础', 1, '2026-04-01 08:04:30'),
  ('CS260136', '羽毛球提高', 2, '2026-04-01 08:04:31'),
  ('CS260137', '田径提升', 1, '2026-04-01 08:04:32'),
  ('CS260137', '足球训练', 2, '2026-04-01 08:04:33'),
  ('CS260138', '健美操', 1, '2026-04-01 08:04:34'),
  ('CS260138', '篮球基础', 2, '2026-04-01 08:04:35'),
  ('CS260139', '排球技巧', 1, '2026-04-01 08:04:36'),
  ('CS260139', '跳绳挑战', 2, '2026-04-01 08:04:37'),
  ('CS260140', '足球训练', 1, '2026-04-01 08:04:38'),
  ('CS260140', '田径提升', 2, '2026-04-01 08:04:39'),
  ('CS260141', '跳绳挑战', 1, '2026-04-01 08:04:40'),
  ('CS260141', '足球训练', 2, '2026-04-01 08:04:41'),
  ('CS260142', '武术入门', 1, '2026-04-01 08:04:42'),
  ('CS260142', '篮球基础', 2, '2026-04-01 08:04:43'),
  ('CS260143', '乒乓球进阶', 1, '2026-04-01 08:04:44'),
  ('CS260143', '跳绳挑战', 2, '2026-04-01 08:04:45'),
  ('CS260144', '羽毛球提高', 1, '2026-04-01 08:04:46'),
  ('CS260144', '田径提升', 2, '2026-04-01 08:04:47'),
  ('CS260145', '篮球基础', 1, '2026-04-01 08:04:48'),
  ('CS260145', '武术入门', 2, '2026-04-01 08:04:49'),
  ('CS260146', '田径提升', 1, '2026-04-01 08:04:50'),
  ('CS260146', '篮球基础', 2, '2026-04-01 08:04:51'),
  ('CS260147', '健美操', 1, '2026-04-01 08:04:52'),
  ('CS260147', '跳绳挑战', 2, '2026-04-01 08:04:53'),
  ('CS260148', '排球技巧', 1, '2026-04-01 08:04:54'),
  ('CS260148', '田径提升', 2, '2026-04-01 08:04:55'),
  ('CS260149', '足球训练', 1, '2026-04-01 08:04:56'),
  ('CS260149', '武术入门', 2, '2026-04-01 08:04:57'),
  ('CS260150', '跳绳挑战', 1, '2026-04-01 08:04:58'),
  ('CS260150', '健美操', 2, '2026-04-01 08:04:59'),
  ('CS260151', '篮球基础', 1, '2026-04-01 08:05:00'),
  ('CS260151', '羽毛球提高', 2, '2026-04-01 08:05:01'),
  ('CS260152', '田径提升', 1, '2026-04-01 08:05:02'),
  ('CS260152', '足球训练', 2, '2026-04-01 08:05:03'),
  ('CS260153', '健美操', 1, '2026-04-01 08:05:04'),
  ('CS260153', '篮球基础', 2, '2026-04-01 08:05:05'),
  ('CS260154', '排球技巧', 1, '2026-04-01 08:05:06'),
  ('CS260154', '跳绳挑战', 2, '2026-04-01 08:05:07'),
  ('CS260155', '足球训练', 1, '2026-04-01 08:05:08'),
  ('CS260155', '田径提升', 2, '2026-04-01 08:05:09'),
  ('CS260156', '跳绳挑战', 1, '2026-04-01 08:05:10'),
  ('CS260156', '足球训练', 2, '2026-04-01 08:05:11'),
  ('CS260157', '武术入门', 1, '2026-04-01 08:05:12'),
  ('CS260157', '篮球基础', 2, '2026-04-01 08:05:13'),
  ('CS260158', '乒乓球进阶', 1, '2026-04-01 08:05:14'),
  ('CS260158', '跳绳挑战', 2, '2026-04-01 08:05:15'),
  ('CS260159', '羽毛球提高', 1, '2026-04-01 08:05:16'),
  ('CS260159', '田径提升', 2, '2026-04-01 08:05:17'),
  ('CS260160', '篮球基础', 1, '2026-04-01 08:05:18'),
  ('CS260160', '武术入门', 2, '2026-04-01 08:05:19'),
  ('CS260161', '田径提升', 1, '2026-04-01 08:05:20'),
  ('CS260161', '篮球基础', 2, '2026-04-01 08:05:21'),
  ('CS260162', '健美操', 1, '2026-04-01 08:05:22'),
  ('CS260162', '跳绳挑战', 2, '2026-04-01 08:05:23'),
  ('CS260163', '排球技巧', 1, '2026-04-01 08:05:24'),
  ('CS260163', '田径提升', 2, '2026-04-01 08:05:25'),
  ('CS260164', '足球训练', 1, '2026-04-01 08:05:26'),
  ('CS260164', '武术入门', 2, '2026-04-01 08:05:27'),
  ('CS260165', '跳绳挑战', 1, '2026-04-01 08:05:28'),
  ('CS260165', '健美操', 2, '2026-04-01 08:05:29'),
  ('CS260166', '武术入门', 1, '2026-04-01 08:05:30'),
  ('CS260166', '跳绳挑战', 2, '2026-04-01 08:05:31'),
  ('CS260167', '乒乓球进阶', 1, '2026-04-01 08:05:32'),
  ('CS260167', '田径提升', 2, '2026-04-01 08:05:33'),
  ('CS260168', '羽毛球提高', 1, '2026-04-01 08:05:34'),
  ('CS260168', '武术入门', 2, '2026-04-01 08:05:35'),
  ('CS260169', '篮球基础', 1, '2026-04-01 08:05:36'),
  ('CS260169', '健美操', 2, '2026-04-01 08:05:37'),
  ('CS260170', '田径提升', 1, '2026-04-01 08:05:38'),
  ('CS260170', '乒乓球进阶', 2, '2026-04-01 08:05:39'),
  ('CS260171', '健美操', 1, '2026-04-01 08:05:40'),
  ('CS260171', '田径提升', 2, '2026-04-01 08:05:41'),
  ('CS260172', '排球技巧', 1, '2026-04-01 08:05:42'),
  ('CS260172', '武术入门', 2, '2026-04-01 08:05:43'),
  ('CS260173', '足球训练', 1, '2026-04-01 08:05:44'),
  ('CS260173', '健美操', 2, '2026-04-01 08:05:45'),
  ('CS260174', '跳绳挑战', 1, '2026-04-01 08:05:46'),
  ('CS260174', '乒乓球进阶', 2, '2026-04-01 08:05:47'),
  ('CS260175', '武术入门', 1, '2026-04-01 08:05:48'),
  ('CS260175', '排球技巧', 2, '2026-04-01 08:05:49'),
  ('CS260176', '乒乓球进阶', 1, '2026-04-01 08:05:50'),
  ('CS260176', '武术入门', 2, '2026-04-01 08:05:51'),
  ('CS260177', '羽毛球提高', 1, '2026-04-01 08:05:52'),
  ('CS260177', '健美操', 2, '2026-04-01 08:05:53'),
  ('CS260178', '篮球基础', 1, '2026-04-01 08:05:54'),
  ('CS260178', '乒乓球进阶', 2, '2026-04-01 08:05:55'),
  ('CS260179', '田径提升', 1, '2026-04-01 08:05:56'),
  ('CS260179', '排球技巧', 2, '2026-04-01 08:05:57'),
  ('CS260180', '健美操', 1, '2026-04-01 08:05:58'),
  ('CS260180', '羽毛球提高', 2, '2026-04-01 08:05:59'),
  ('CS260181', '排球技巧', 1, '2026-04-01 08:06:00'),
  ('CS260181', '健美操', 2, '2026-04-01 08:06:01'),
  ('CS260182', '足球训练', 1, '2026-04-01 08:06:02'),
  ('CS260182', '乒乓球进阶', 2, '2026-04-01 08:06:03'),
  ('CS260183', '跳绳挑战', 1, '2026-04-01 08:06:04'),
  ('CS260183', '排球技巧', 2, '2026-04-01 08:06:05'),
  ('CS260184', '武术入门', 1, '2026-04-01 08:06:06'),
  ('CS260184', '羽毛球提高', 2, '2026-04-01 08:06:07'),
  ('CS260185', '乒乓球进阶', 1, '2026-04-01 08:06:08'),
  ('CS260185', '足球训练', 2, '2026-04-01 08:06:09'),
  ('CS260186', '羽毛球提高', 1, '2026-04-01 08:06:10'),
  ('CS260186', '乒乓球进阶', 2, '2026-04-01 08:06:11'),
  ('CS260187', '篮球基础', 1, '2026-04-01 08:06:12'),
  ('CS260187', '排球技巧', 2, '2026-04-01 08:06:13'),
  ('CS260188', '田径提升', 1, '2026-04-01 08:06:14'),
  ('CS260188', '羽毛球提高', 2, '2026-04-01 08:06:15'),
  ('CS260189', '健美操', 1, '2026-04-01 08:06:16'),
  ('CS260189', '足球训练', 2, '2026-04-01 08:06:17'),
  ('CS260190', '排球技巧', 1, '2026-04-01 08:06:18'),
  ('CS260190', '篮球基础', 2, '2026-04-01 08:06:19'),
  ('CS260191', '足球训练', 1, '2026-04-01 08:06:20'),
  ('CS260191', '排球技巧', 2, '2026-04-01 08:06:21'),
  ('CS260192', '跳绳挑战', 1, '2026-04-01 08:06:22'),
  ('CS260192', '羽毛球提高', 2, '2026-04-01 08:06:23'),
  ('CS260193', '武术入门', 1, '2026-04-01 08:06:24'),
  ('CS260193', '足球训练', 2, '2026-04-01 08:06:25'),
  ('CS260194', '乒乓球进阶', 1, '2026-04-01 08:06:26'),
  ('CS260194', '篮球基础', 2, '2026-04-01 08:06:27'),
  ('CS260195', '羽毛球提高', 1, '2026-04-01 08:06:28'),
  ('CS260195', '跳绳挑战', 2, '2026-04-01 08:06:29'),
  ('CS260196', '篮球基础', 1, '2026-04-01 08:06:30'),
  ('CS260196', '羽毛球提高', 2, '2026-04-01 08:06:31'),
  ('CS260197', '田径提升', 1, '2026-04-01 08:06:32'),
  ('CS260197', '足球训练', 2, '2026-04-01 08:06:33'),
  ('CS260198', '健美操', 1, '2026-04-01 08:06:34'),
  ('CS260198', '篮球基础', 2, '2026-04-01 08:06:35'),
  ('CS260199', '排球技巧', 1, '2026-04-01 08:06:36'),
  ('CS260199', '跳绳挑战', 2, '2026-04-01 08:06:37'),
  ('CS260200', '足球训练', 1, '2026-04-01 08:06:38'),
  ('CS260200', '田径提升', 2, '2026-04-01 08:06:39');
INSERT INTO tmp_course_selection_seed (student_no, course_name, preference_no, selected_at) VALUES
  ('CS260201', '羽毛球提高', 1, '2026-04-01 08:06:40'),
  ('CS260201', '乒乓球进阶', 2, '2026-04-01 08:06:41'),
  ('CS260202', '篮球基础', 1, '2026-04-01 08:06:42'),
  ('CS260202', '排球技巧', 2, '2026-04-01 08:06:43'),
  ('CS260203', '田径提升', 1, '2026-04-01 08:06:44'),
  ('CS260203', '羽毛球提高', 2, '2026-04-01 08:06:45'),
  ('CS260204', '健美操', 1, '2026-04-01 08:06:46'),
  ('CS260204', '足球训练', 2, '2026-04-01 08:06:47'),
  ('CS260205', '排球技巧', 1, '2026-04-01 08:06:48'),
  ('CS260205', '篮球基础', 2, '2026-04-01 08:06:49'),
  ('CS260206', '足球训练', 1, '2026-04-01 08:06:50'),
  ('CS260206', '排球技巧', 2, '2026-04-01 08:06:51'),
  ('CS260207', '跳绳挑战', 1, '2026-04-01 08:06:52'),
  ('CS260207', '羽毛球提高', 2, '2026-04-01 08:06:53'),
  ('CS260208', '武术入门', 1, '2026-04-01 08:06:54'),
  ('CS260208', '足球训练', 2, '2026-04-01 08:06:55'),
  ('CS260209', '乒乓球进阶', 1, '2026-04-01 08:06:56'),
  ('CS260209', '篮球基础', 2, '2026-04-01 08:06:57'),
  ('CS260210', '羽毛球提高', 1, '2026-04-01 08:06:58'),
  ('CS260210', '跳绳挑战', 2, '2026-04-01 08:06:59'),
  ('CS260211', '篮球基础', 1, '2026-04-01 08:07:00'),
  ('CS260211', '羽毛球提高', 2, '2026-04-01 08:07:01'),
  ('CS260212', '田径提升', 1, '2026-04-01 08:07:02'),
  ('CS260212', '足球训练', 2, '2026-04-01 08:07:03'),
  ('CS260213', '健美操', 1, '2026-04-01 08:07:04'),
  ('CS260213', '篮球基础', 2, '2026-04-01 08:07:05'),
  ('CS260214', '排球技巧', 1, '2026-04-01 08:07:06'),
  ('CS260214', '跳绳挑战', 2, '2026-04-01 08:07:07'),
  ('CS260215', '足球训练', 1, '2026-04-01 08:07:08'),
  ('CS260215', '田径提升', 2, '2026-04-01 08:07:09'),
  ('CS260216', '跳绳挑战', 1, '2026-04-01 08:07:10'),
  ('CS260216', '足球训练', 2, '2026-04-01 08:07:11'),
  ('CS260217', '武术入门', 1, '2026-04-01 08:07:12'),
  ('CS260217', '篮球基础', 2, '2026-04-01 08:07:13'),
  ('CS260218', '乒乓球进阶', 1, '2026-04-01 08:07:14'),
  ('CS260218', '跳绳挑战', 2, '2026-04-01 08:07:15'),
  ('CS260219', '羽毛球提高', 1, '2026-04-01 08:07:16'),
  ('CS260219', '田径提升', 2, '2026-04-01 08:07:17'),
  ('CS260220', '篮球基础', 1, '2026-04-01 08:07:18'),
  ('CS260220', '武术入门', 2, '2026-04-01 08:07:19'),
  ('CS260221', '田径提升', 1, '2026-04-01 08:07:20'),
  ('CS260221', '篮球基础', 2, '2026-04-01 08:07:21'),
  ('CS260222', '健美操', 1, '2026-04-01 08:07:22'),
  ('CS260222', '跳绳挑战', 2, '2026-04-01 08:07:23'),
  ('CS260223', '排球技巧', 1, '2026-04-01 08:07:24'),
  ('CS260223', '田径提升', 2, '2026-04-01 08:07:25'),
  ('CS260224', '足球训练', 1, '2026-04-01 08:07:26'),
  ('CS260224', '武术入门', 2, '2026-04-01 08:07:27'),
  ('CS260225', '跳绳挑战', 1, '2026-04-01 08:07:28'),
  ('CS260225', '健美操', 2, '2026-04-01 08:07:29'),
  ('CS260226', '武术入门', 1, '2026-04-01 08:07:30'),
  ('CS260226', '跳绳挑战', 2, '2026-04-01 08:07:31'),
  ('CS260227', '乒乓球进阶', 1, '2026-04-01 08:07:32'),
  ('CS260227', '田径提升', 2, '2026-04-01 08:07:33'),
  ('CS260228', '羽毛球提高', 1, '2026-04-01 08:07:34'),
  ('CS260228', '武术入门', 2, '2026-04-01 08:07:35'),
  ('CS260229', '篮球基础', 1, '2026-04-01 08:07:36'),
  ('CS260229', '健美操', 2, '2026-04-01 08:07:37'),
  ('CS260230', '田径提升', 1, '2026-04-01 08:07:38'),
  ('CS260230', '乒乓球进阶', 2, '2026-04-01 08:07:39'),
  ('CS260231', '健美操', 1, '2026-04-01 08:07:40'),
  ('CS260231', '田径提升', 2, '2026-04-01 08:07:41'),
  ('CS260232', '排球技巧', 1, '2026-04-01 08:07:42'),
  ('CS260232', '武术入门', 2, '2026-04-01 08:07:43'),
  ('CS260233', '足球训练', 1, '2026-04-01 08:07:44'),
  ('CS260233', '健美操', 2, '2026-04-01 08:07:45'),
  ('CS260234', '跳绳挑战', 1, '2026-04-01 08:07:46'),
  ('CS260234', '乒乓球进阶', 2, '2026-04-01 08:07:47'),
  ('CS260235', '武术入门', 1, '2026-04-01 08:07:48'),
  ('CS260235', '排球技巧', 2, '2026-04-01 08:07:49'),
  ('CS260236', '乒乓球进阶', 1, '2026-04-01 08:07:50'),
  ('CS260236', '武术入门', 2, '2026-04-01 08:07:51'),
  ('CS260237', '羽毛球提高', 1, '2026-04-01 08:07:52'),
  ('CS260237', '健美操', 2, '2026-04-01 08:07:53'),
  ('CS260238', '篮球基础', 1, '2026-04-01 08:07:54'),
  ('CS260238', '乒乓球进阶', 2, '2026-04-01 08:07:55'),
  ('CS260239', '田径提升', 1, '2026-04-01 08:07:56'),
  ('CS260239', '排球技巧', 2, '2026-04-01 08:07:57'),
  ('CS260240', '健美操', 1, '2026-04-01 08:07:58'),
  ('CS260240', '羽毛球提高', 2, '2026-04-01 08:07:59'),
  ('CS260241', '排球技巧', 1, '2026-04-01 08:08:00'),
  ('CS260241', '健美操', 2, '2026-04-01 08:08:01'),
  ('CS260242', '足球训练', 1, '2026-04-01 08:08:02'),
  ('CS260242', '乒乓球进阶', 2, '2026-04-01 08:08:03'),
  ('CS260243', '跳绳挑战', 1, '2026-04-01 08:08:04'),
  ('CS260243', '排球技巧', 2, '2026-04-01 08:08:05'),
  ('CS260244', '武术入门', 1, '2026-04-01 08:08:06'),
  ('CS260244', '羽毛球提高', 2, '2026-04-01 08:08:07'),
  ('CS260245', '乒乓球进阶', 1, '2026-04-01 08:08:08'),
  ('CS260245', '足球训练', 2, '2026-04-01 08:08:09'),
  ('CS260246', '羽毛球提高', 1, '2026-04-01 08:08:10'),
  ('CS260246', '乒乓球进阶', 2, '2026-04-01 08:08:11'),
  ('CS260247', '篮球基础', 1, '2026-04-01 08:08:12'),
  ('CS260247', '排球技巧', 2, '2026-04-01 08:08:13'),
  ('CS260248', '田径提升', 1, '2026-04-01 08:08:14'),
  ('CS260248', '羽毛球提高', 2, '2026-04-01 08:08:15'),
  ('CS260249', '健美操', 1, '2026-04-01 08:08:16'),
  ('CS260249', '足球训练', 2, '2026-04-01 08:08:17'),
  ('CS260250', '排球技巧', 1, '2026-04-01 08:08:18'),
  ('CS260250', '篮球基础', 2, '2026-04-01 08:08:19'),
  ('CS260251', '乒乓球进阶', 1, '2026-04-01 08:08:20'),
  ('CS260251', '武术入门', 2, '2026-04-01 08:08:21'),
  ('CS260252', '羽毛球提高', 1, '2026-04-01 08:08:22'),
  ('CS260252', '健美操', 2, '2026-04-01 08:08:23'),
  ('CS260253', '篮球基础', 1, '2026-04-01 08:08:24'),
  ('CS260253', '乒乓球进阶', 2, '2026-04-01 08:08:25'),
  ('CS260254', '田径提升', 1, '2026-04-01 08:08:26'),
  ('CS260254', '排球技巧', 2, '2026-04-01 08:08:27'),
  ('CS260255', '健美操', 1, '2026-04-01 08:08:28'),
  ('CS260255', '羽毛球提高', 2, '2026-04-01 08:08:29'),
  ('CS260256', '排球技巧', 1, '2026-04-01 08:08:30'),
  ('CS260256', '健美操', 2, '2026-04-01 08:08:31'),
  ('CS260257', '足球训练', 1, '2026-04-01 08:08:32'),
  ('CS260257', '乒乓球进阶', 2, '2026-04-01 08:08:33'),
  ('CS260258', '跳绳挑战', 1, '2026-04-01 08:08:34'),
  ('CS260258', '排球技巧', 2, '2026-04-01 08:08:35'),
  ('CS260259', '武术入门', 1, '2026-04-01 08:08:36'),
  ('CS260259', '羽毛球提高', 2, '2026-04-01 08:08:37'),
  ('CS260260', '乒乓球进阶', 1, '2026-04-01 08:08:38'),
  ('CS260260', '足球训练', 2, '2026-04-01 08:08:39'),
  ('CS260261', '羽毛球提高', 1, '2026-04-01 08:08:40'),
  ('CS260261', '乒乓球进阶', 2, '2026-04-01 08:08:41'),
  ('CS260262', '篮球基础', 1, '2026-04-01 08:08:42'),
  ('CS260262', '排球技巧', 2, '2026-04-01 08:08:43'),
  ('CS260263', '田径提升', 1, '2026-04-01 08:08:44'),
  ('CS260263', '羽毛球提高', 2, '2026-04-01 08:08:45'),
  ('CS260264', '健美操', 1, '2026-04-01 08:08:46'),
  ('CS260264', '足球训练', 2, '2026-04-01 08:08:47'),
  ('CS260265', '排球技巧', 1, '2026-04-01 08:08:48'),
  ('CS260265', '篮球基础', 2, '2026-04-01 08:08:49'),
  ('CS260266', '足球训练', 1, '2026-04-01 08:08:50'),
  ('CS260266', '排球技巧', 2, '2026-04-01 08:08:51'),
  ('CS260267', '跳绳挑战', 1, '2026-04-01 08:08:52'),
  ('CS260267', '羽毛球提高', 2, '2026-04-01 08:08:53'),
  ('CS260268', '武术入门', 1, '2026-04-01 08:08:54'),
  ('CS260268', '足球训练', 2, '2026-04-01 08:08:55'),
  ('CS260269', '乒乓球进阶', 1, '2026-04-01 08:08:56'),
  ('CS260269', '篮球基础', 2, '2026-04-01 08:08:57'),
  ('CS260270', '羽毛球提高', 1, '2026-04-01 08:08:58'),
  ('CS260270', '跳绳挑战', 2, '2026-04-01 08:08:59'),
  ('CS260271', '篮球基础', 1, '2026-04-01 08:09:00'),
  ('CS260271', '羽毛球提高', 2, '2026-04-01 08:09:01'),
  ('CS260272', '田径提升', 1, '2026-04-01 08:09:02'),
  ('CS260272', '足球训练', 2, '2026-04-01 08:09:03'),
  ('CS260273', '健美操', 1, '2026-04-01 08:09:04'),
  ('CS260273', '篮球基础', 2, '2026-04-01 08:09:05'),
  ('CS260274', '排球技巧', 1, '2026-04-01 08:09:06'),
  ('CS260274', '跳绳挑战', 2, '2026-04-01 08:09:07'),
  ('CS260275', '足球训练', 1, '2026-04-01 08:09:08'),
  ('CS260275', '田径提升', 2, '2026-04-01 08:09:09'),
  ('CS260276', '跳绳挑战', 1, '2026-04-01 08:09:10'),
  ('CS260276', '足球训练', 2, '2026-04-01 08:09:11'),
  ('CS260277', '武术入门', 1, '2026-04-01 08:09:12'),
  ('CS260277', '篮球基础', 2, '2026-04-01 08:09:13'),
  ('CS260278', '乒乓球进阶', 1, '2026-04-01 08:09:14'),
  ('CS260278', '跳绳挑战', 2, '2026-04-01 08:09:15'),
  ('CS260279', '羽毛球提高', 1, '2026-04-01 08:09:16'),
  ('CS260279', '田径提升', 2, '2026-04-01 08:09:17'),
  ('CS260280', '篮球基础', 1, '2026-04-01 08:09:18'),
  ('CS260280', '武术入门', 2, '2026-04-01 08:09:19'),
  ('CS260281', '田径提升', 1, '2026-04-01 08:09:20'),
  ('CS260281', '篮球基础', 2, '2026-04-01 08:09:21'),
  ('CS260282', '健美操', 1, '2026-04-01 08:09:22'),
  ('CS260282', '跳绳挑战', 2, '2026-04-01 08:09:23'),
  ('CS260283', '排球技巧', 1, '2026-04-01 08:09:24'),
  ('CS260283', '田径提升', 2, '2026-04-01 08:09:25'),
  ('CS260284', '足球训练', 1, '2026-04-01 08:09:26'),
  ('CS260284', '武术入门', 2, '2026-04-01 08:09:27'),
  ('CS260285', '跳绳挑战', 1, '2026-04-01 08:09:28'),
  ('CS260285', '健美操', 2, '2026-04-01 08:09:29'),
  ('CS260286', '武术入门', 1, '2026-04-01 08:09:30'),
  ('CS260286', '跳绳挑战', 2, '2026-04-01 08:09:31'),
  ('CS260287', '乒乓球进阶', 1, '2026-04-01 08:09:32'),
  ('CS260287', '田径提升', 2, '2026-04-01 08:09:33'),
  ('CS260288', '羽毛球提高', 1, '2026-04-01 08:09:34'),
  ('CS260288', '武术入门', 2, '2026-04-01 08:09:35'),
  ('CS260289', '篮球基础', 1, '2026-04-01 08:09:36'),
  ('CS260289', '健美操', 2, '2026-04-01 08:09:37'),
  ('CS260290', '田径提升', 1, '2026-04-01 08:09:38'),
  ('CS260290', '乒乓球进阶', 2, '2026-04-01 08:09:39'),
  ('CS260291', '健美操', 1, '2026-04-01 08:09:40'),
  ('CS260291', '田径提升', 2, '2026-04-01 08:09:41'),
  ('CS260292', '排球技巧', 1, '2026-04-01 08:09:42'),
  ('CS260292', '武术入门', 2, '2026-04-01 08:09:43'),
  ('CS260293', '足球训练', 1, '2026-04-01 08:09:44'),
  ('CS260293', '健美操', 2, '2026-04-01 08:09:45'),
  ('CS260294', '跳绳挑战', 1, '2026-04-01 08:09:46'),
  ('CS260294', '乒乓球进阶', 2, '2026-04-01 08:09:47'),
  ('CS260295', '武术入门', 1, '2026-04-01 08:09:48'),
  ('CS260295', '排球技巧', 2, '2026-04-01 08:09:49'),
  ('CS260296', '乒乓球进阶', 1, '2026-04-01 08:09:50'),
  ('CS260296', '武术入门', 2, '2026-04-01 08:09:51'),
  ('CS260297', '羽毛球提高', 1, '2026-04-01 08:09:52'),
  ('CS260297', '健美操', 2, '2026-04-01 08:09:53'),
  ('CS260298', '篮球基础', 1, '2026-04-01 08:09:54'),
  ('CS260298', '乒乓球进阶', 2, '2026-04-01 08:09:55'),
  ('CS260299', '田径提升', 1, '2026-04-01 08:09:56'),
  ('CS260299', '排球技巧', 2, '2026-04-01 08:09:57'),
  ('CS260300', '健美操', 1, '2026-04-01 08:09:58'),
  ('CS260300', '羽毛球提高', 2, '2026-04-01 08:09:59');
INSERT INTO tmp_course_selection_seed (student_no, course_name, preference_no, selected_at) VALUES
  ('CS260301', '武术入门', 1, '2026-04-01 08:10:00'),
  ('CS260301', '跳绳挑战', 2, '2026-04-01 08:10:01'),
  ('CS260302', '乒乓球进阶', 1, '2026-04-01 08:10:02'),
  ('CS260302', '田径提升', 2, '2026-04-01 08:10:03'),
  ('CS260303', '羽毛球提高', 1, '2026-04-01 08:10:04'),
  ('CS260303', '武术入门', 2, '2026-04-01 08:10:05'),
  ('CS260304', '篮球基础', 1, '2026-04-01 08:10:06'),
  ('CS260304', '健美操', 2, '2026-04-01 08:10:07'),
  ('CS260305', '田径提升', 1, '2026-04-01 08:10:08'),
  ('CS260305', '乒乓球进阶', 2, '2026-04-01 08:10:09'),
  ('CS260306', '健美操', 1, '2026-04-01 08:10:10'),
  ('CS260306', '田径提升', 2, '2026-04-01 08:10:11'),
  ('CS260307', '排球技巧', 1, '2026-04-01 08:10:12'),
  ('CS260307', '武术入门', 2, '2026-04-01 08:10:13'),
  ('CS260308', '足球训练', 1, '2026-04-01 08:10:14'),
  ('CS260308', '健美操', 2, '2026-04-01 08:10:15'),
  ('CS260309', '跳绳挑战', 1, '2026-04-01 08:10:16'),
  ('CS260309', '乒乓球进阶', 2, '2026-04-01 08:10:17'),
  ('CS260310', '武术入门', 1, '2026-04-01 08:10:18'),
  ('CS260310', '排球技巧', 2, '2026-04-01 08:10:19'),
  ('CS260311', '乒乓球进阶', 1, '2026-04-01 08:10:20'),
  ('CS260311', '武术入门', 2, '2026-04-01 08:10:21'),
  ('CS260312', '羽毛球提高', 1, '2026-04-01 08:10:22'),
  ('CS260312', '健美操', 2, '2026-04-01 08:10:23'),
  ('CS260313', '篮球基础', 1, '2026-04-01 08:10:24'),
  ('CS260313', '乒乓球进阶', 2, '2026-04-01 08:10:25'),
  ('CS260314', '田径提升', 1, '2026-04-01 08:10:26'),
  ('CS260314', '排球技巧', 2, '2026-04-01 08:10:27'),
  ('CS260315', '健美操', 1, '2026-04-01 08:10:28'),
  ('CS260315', '羽毛球提高', 2, '2026-04-01 08:10:29'),
  ('CS260316', '排球技巧', 1, '2026-04-01 08:10:30'),
  ('CS260316', '健美操', 2, '2026-04-01 08:10:31'),
  ('CS260317', '足球训练', 1, '2026-04-01 08:10:32'),
  ('CS260317', '乒乓球进阶', 2, '2026-04-01 08:10:33'),
  ('CS260318', '跳绳挑战', 1, '2026-04-01 08:10:34'),
  ('CS260318', '排球技巧', 2, '2026-04-01 08:10:35'),
  ('CS260319', '武术入门', 1, '2026-04-01 08:10:36'),
  ('CS260319', '羽毛球提高', 2, '2026-04-01 08:10:37'),
  ('CS260320', '乒乓球进阶', 1, '2026-04-01 08:10:38'),
  ('CS260320', '足球训练', 2, '2026-04-01 08:10:39'),
  ('CS260321', '羽毛球提高', 1, '2026-04-01 08:10:40'),
  ('CS260321', '乒乓球进阶', 2, '2026-04-01 08:10:41'),
  ('CS260322', '篮球基础', 1, '2026-04-01 08:10:42'),
  ('CS260322', '排球技巧', 2, '2026-04-01 08:10:43'),
  ('CS260323', '田径提升', 1, '2026-04-01 08:10:44'),
  ('CS260323', '羽毛球提高', 2, '2026-04-01 08:10:45'),
  ('CS260324', '健美操', 1, '2026-04-01 08:10:46'),
  ('CS260324', '足球训练', 2, '2026-04-01 08:10:47'),
  ('CS260325', '排球技巧', 1, '2026-04-01 08:10:48'),
  ('CS260325', '篮球基础', 2, '2026-04-01 08:10:49'),
  ('CS260326', '足球训练', 1, '2026-04-01 08:10:50'),
  ('CS260326', '排球技巧', 2, '2026-04-01 08:10:51'),
  ('CS260327', '跳绳挑战', 1, '2026-04-01 08:10:52'),
  ('CS260327', '羽毛球提高', 2, '2026-04-01 08:10:53'),
  ('CS260328', '武术入门', 1, '2026-04-01 08:10:54'),
  ('CS260328', '足球训练', 2, '2026-04-01 08:10:55'),
  ('CS260329', '乒乓球进阶', 1, '2026-04-01 08:10:56'),
  ('CS260329', '篮球基础', 2, '2026-04-01 08:10:57'),
  ('CS260330', '羽毛球提高', 1, '2026-04-01 08:10:58'),
  ('CS260330', '跳绳挑战', 2, '2026-04-01 08:10:59'),
  ('CS260331', '篮球基础', 1, '2026-04-01 08:11:00'),
  ('CS260331', '羽毛球提高', 2, '2026-04-01 08:11:01'),
  ('CS260332', '田径提升', 1, '2026-04-01 08:11:02'),
  ('CS260332', '足球训练', 2, '2026-04-01 08:11:03'),
  ('CS260333', '健美操', 1, '2026-04-01 08:11:04'),
  ('CS260333', '篮球基础', 2, '2026-04-01 08:11:05'),
  ('CS260334', '排球技巧', 1, '2026-04-01 08:11:06'),
  ('CS260334', '跳绳挑战', 2, '2026-04-01 08:11:07'),
  ('CS260335', '足球训练', 1, '2026-04-01 08:11:08'),
  ('CS260335', '田径提升', 2, '2026-04-01 08:11:09'),
  ('CS260336', '跳绳挑战', 1, '2026-04-01 08:11:10'),
  ('CS260336', '足球训练', 2, '2026-04-01 08:11:11'),
  ('CS260337', '武术入门', 1, '2026-04-01 08:11:12'),
  ('CS260337', '篮球基础', 2, '2026-04-01 08:11:13'),
  ('CS260338', '乒乓球进阶', 1, '2026-04-01 08:11:14'),
  ('CS260338', '跳绳挑战', 2, '2026-04-01 08:11:15'),
  ('CS260339', '羽毛球提高', 1, '2026-04-01 08:11:16'),
  ('CS260339', '田径提升', 2, '2026-04-01 08:11:17'),
  ('CS260340', '篮球基础', 1, '2026-04-01 08:11:18'),
  ('CS260340', '武术入门', 2, '2026-04-01 08:11:19'),
  ('CS260341', '田径提升', 1, '2026-04-01 08:11:20'),
  ('CS260341', '篮球基础', 2, '2026-04-01 08:11:21'),
  ('CS260342', '健美操', 1, '2026-04-01 08:11:22'),
  ('CS260342', '跳绳挑战', 2, '2026-04-01 08:11:23'),
  ('CS260343', '排球技巧', 1, '2026-04-01 08:11:24'),
  ('CS260343', '田径提升', 2, '2026-04-01 08:11:25'),
  ('CS260344', '足球训练', 1, '2026-04-01 08:11:26'),
  ('CS260344', '武术入门', 2, '2026-04-01 08:11:27'),
  ('CS260345', '跳绳挑战', 1, '2026-04-01 08:11:28'),
  ('CS260345', '健美操', 2, '2026-04-01 08:11:29'),
  ('CS260346', '武术入门', 1, '2026-04-01 08:11:30'),
  ('CS260346', '跳绳挑战', 2, '2026-04-01 08:11:31'),
  ('CS260347', '乒乓球进阶', 1, '2026-04-01 08:11:32'),
  ('CS260347', '田径提升', 2, '2026-04-01 08:11:33'),
  ('CS260348', '羽毛球提高', 1, '2026-04-01 08:11:34'),
  ('CS260348', '武术入门', 2, '2026-04-01 08:11:35'),
  ('CS260349', '篮球基础', 1, '2026-04-01 08:11:36'),
  ('CS260349', '健美操', 2, '2026-04-01 08:11:37'),
  ('CS260350', '田径提升', 1, '2026-04-01 08:11:38'),
  ('CS260350', '乒乓球进阶', 2, '2026-04-01 08:11:39'),
  ('CS260351', '跳绳挑战', 1, '2026-04-01 08:11:40'),
  ('CS260351', '足球训练', 2, '2026-04-01 08:11:41'),
  ('CS260352', '武术入门', 1, '2026-04-01 08:11:42'),
  ('CS260352', '篮球基础', 2, '2026-04-01 08:11:43'),
  ('CS260353', '乒乓球进阶', 1, '2026-04-01 08:11:44'),
  ('CS260353', '跳绳挑战', 2, '2026-04-01 08:11:45'),
  ('CS260354', '羽毛球提高', 1, '2026-04-01 08:11:46'),
  ('CS260354', '田径提升', 2, '2026-04-01 08:11:47'),
  ('CS260355', '篮球基础', 1, '2026-04-01 08:11:48'),
  ('CS260355', '武术入门', 2, '2026-04-01 08:11:49'),
  ('CS260356', '田径提升', 1, '2026-04-01 08:11:50'),
  ('CS260356', '篮球基础', 2, '2026-04-01 08:11:51'),
  ('CS260357', '健美操', 1, '2026-04-01 08:11:52'),
  ('CS260357', '跳绳挑战', 2, '2026-04-01 08:11:53'),
  ('CS260358', '排球技巧', 1, '2026-04-01 08:11:54'),
  ('CS260358', '田径提升', 2, '2026-04-01 08:11:55'),
  ('CS260359', '足球训练', 1, '2026-04-01 08:11:56'),
  ('CS260359', '武术入门', 2, '2026-04-01 08:11:57'),
  ('CS260360', '跳绳挑战', 1, '2026-04-01 08:11:58'),
  ('CS260360', '健美操', 2, '2026-04-01 08:11:59'),
  ('CS260361', '武术入门', 1, '2026-04-01 08:12:00'),
  ('CS260361', '跳绳挑战', 2, '2026-04-01 08:12:01'),
  ('CS260362', '乒乓球进阶', 1, '2026-04-01 08:12:02'),
  ('CS260362', '田径提升', 2, '2026-04-01 08:12:03'),
  ('CS260363', '羽毛球提高', 1, '2026-04-01 08:12:04'),
  ('CS260363', '武术入门', 2, '2026-04-01 08:12:05'),
  ('CS260364', '篮球基础', 1, '2026-04-01 08:12:06'),
  ('CS260364', '健美操', 2, '2026-04-01 08:12:07'),
  ('CS260365', '田径提升', 1, '2026-04-01 08:12:08'),
  ('CS260365', '乒乓球进阶', 2, '2026-04-01 08:12:09'),
  ('CS260366', '健美操', 1, '2026-04-01 08:12:10'),
  ('CS260366', '田径提升', 2, '2026-04-01 08:12:11'),
  ('CS260367', '排球技巧', 1, '2026-04-01 08:12:12'),
  ('CS260367', '武术入门', 2, '2026-04-01 08:12:13'),
  ('CS260368', '足球训练', 1, '2026-04-01 08:12:14'),
  ('CS260368', '健美操', 2, '2026-04-01 08:12:15'),
  ('CS260369', '跳绳挑战', 1, '2026-04-01 08:12:16'),
  ('CS260369', '乒乓球进阶', 2, '2026-04-01 08:12:17'),
  ('CS260370', '武术入门', 1, '2026-04-01 08:12:18'),
  ('CS260370', '排球技巧', 2, '2026-04-01 08:12:19'),
  ('CS260371', '乒乓球进阶', 1, '2026-04-01 08:12:20'),
  ('CS260371', '武术入门', 2, '2026-04-01 08:12:21'),
  ('CS260372', '羽毛球提高', 1, '2026-04-01 08:12:22'),
  ('CS260372', '健美操', 2, '2026-04-01 08:12:23'),
  ('CS260373', '篮球基础', 1, '2026-04-01 08:12:24'),
  ('CS260373', '乒乓球进阶', 2, '2026-04-01 08:12:25'),
  ('CS260374', '田径提升', 1, '2026-04-01 08:12:26'),
  ('CS260374', '排球技巧', 2, '2026-04-01 08:12:27'),
  ('CS260375', '健美操', 1, '2026-04-01 08:12:28'),
  ('CS260375', '羽毛球提高', 2, '2026-04-01 08:12:29'),
  ('CS260376', '排球技巧', 1, '2026-04-01 08:12:30'),
  ('CS260376', '健美操', 2, '2026-04-01 08:12:31'),
  ('CS260377', '足球训练', 1, '2026-04-01 08:12:32'),
  ('CS260377', '乒乓球进阶', 2, '2026-04-01 08:12:33'),
  ('CS260378', '跳绳挑战', 1, '2026-04-01 08:12:34'),
  ('CS260378', '排球技巧', 2, '2026-04-01 08:12:35'),
  ('CS260379', '武术入门', 1, '2026-04-01 08:12:36'),
  ('CS260379', '羽毛球提高', 2, '2026-04-01 08:12:37'),
  ('CS260380', '乒乓球进阶', 1, '2026-04-01 08:12:38'),
  ('CS260380', '足球训练', 2, '2026-04-01 08:12:39'),
  ('CS260381', '羽毛球提高', 1, '2026-04-01 08:12:40'),
  ('CS260381', '乒乓球进阶', 2, '2026-04-01 08:12:41'),
  ('CS260382', '篮球基础', 1, '2026-04-01 08:12:42'),
  ('CS260382', '排球技巧', 2, '2026-04-01 08:12:43'),
  ('CS260383', '田径提升', 1, '2026-04-01 08:12:44'),
  ('CS260383', '羽毛球提高', 2, '2026-04-01 08:12:45'),
  ('CS260384', '健美操', 1, '2026-04-01 08:12:46'),
  ('CS260384', '足球训练', 2, '2026-04-01 08:12:47'),
  ('CS260385', '排球技巧', 1, '2026-04-01 08:12:48'),
  ('CS260385', '篮球基础', 2, '2026-04-01 08:12:49'),
  ('CS260386', '足球训练', 1, '2026-04-01 08:12:50'),
  ('CS260386', '排球技巧', 2, '2026-04-01 08:12:51'),
  ('CS260387', '跳绳挑战', 1, '2026-04-01 08:12:52'),
  ('CS260387', '羽毛球提高', 2, '2026-04-01 08:12:53'),
  ('CS260388', '武术入门', 1, '2026-04-01 08:12:54'),
  ('CS260388', '足球训练', 2, '2026-04-01 08:12:55'),
  ('CS260389', '乒乓球进阶', 1, '2026-04-01 08:12:56'),
  ('CS260389', '篮球基础', 2, '2026-04-01 08:12:57'),
  ('CS260390', '羽毛球提高', 1, '2026-04-01 08:12:58'),
  ('CS260390', '跳绳挑战', 2, '2026-04-01 08:12:59'),
  ('CS260391', '篮球基础', 1, '2026-04-01 08:13:00'),
  ('CS260391', '羽毛球提高', 2, '2026-04-01 08:13:01'),
  ('CS260392', '田径提升', 1, '2026-04-01 08:13:02'),
  ('CS260392', '足球训练', 2, '2026-04-01 08:13:03'),
  ('CS260393', '健美操', 1, '2026-04-01 08:13:04'),
  ('CS260393', '篮球基础', 2, '2026-04-01 08:13:05'),
  ('CS260394', '排球技巧', 1, '2026-04-01 08:13:06'),
  ('CS260394', '跳绳挑战', 2, '2026-04-01 08:13:07'),
  ('CS260395', '足球训练', 1, '2026-04-01 08:13:08'),
  ('CS260395', '田径提升', 2, '2026-04-01 08:13:09'),
  ('CS260396', '跳绳挑战', 1, '2026-04-01 08:13:10'),
  ('CS260396', '足球训练', 2, '2026-04-01 08:13:11'),
  ('CS260397', '武术入门', 1, '2026-04-01 08:13:12'),
  ('CS260397', '篮球基础', 2, '2026-04-01 08:13:13'),
  ('CS260398', '乒乓球进阶', 1, '2026-04-01 08:13:14'),
  ('CS260398', '跳绳挑战', 2, '2026-04-01 08:13:15'),
  ('CS260399', '羽毛球提高', 1, '2026-04-01 08:13:16'),
  ('CS260399', '田径提升', 2, '2026-04-01 08:13:17'),
  ('CS260400', '篮球基础', 1, '2026-04-01 08:13:18'),
  ('CS260400', '武术入门', 2, '2026-04-01 08:13:19');
INSERT INTO tmp_course_selection_seed (student_no, course_name, preference_no, selected_at) VALUES
  ('CS260401', '足球训练', 1, '2026-04-01 08:13:20'),
  ('CS260401', '排球技巧', 2, '2026-04-01 08:13:21'),
  ('CS260402', '跳绳挑战', 1, '2026-04-01 08:13:22'),
  ('CS260402', '羽毛球提高', 2, '2026-04-01 08:13:23'),
  ('CS260403', '武术入门', 1, '2026-04-01 08:13:24'),
  ('CS260403', '足球训练', 2, '2026-04-01 08:13:25'),
  ('CS260404', '乒乓球进阶', 1, '2026-04-01 08:13:26'),
  ('CS260404', '篮球基础', 2, '2026-04-01 08:13:27'),
  ('CS260405', '羽毛球提高', 1, '2026-04-01 08:13:28'),
  ('CS260405', '跳绳挑战', 2, '2026-04-01 08:13:29'),
  ('CS260406', '篮球基础', 1, '2026-04-01 08:13:30'),
  ('CS260406', '羽毛球提高', 2, '2026-04-01 08:13:31'),
  ('CS260407', '田径提升', 1, '2026-04-01 08:13:32'),
  ('CS260407', '足球训练', 2, '2026-04-01 08:13:33'),
  ('CS260408', '健美操', 1, '2026-04-01 08:13:34'),
  ('CS260408', '篮球基础', 2, '2026-04-01 08:13:35'),
  ('CS260409', '排球技巧', 1, '2026-04-01 08:13:36'),
  ('CS260409', '跳绳挑战', 2, '2026-04-01 08:13:37'),
  ('CS260410', '足球训练', 1, '2026-04-01 08:13:38'),
  ('CS260410', '田径提升', 2, '2026-04-01 08:13:39'),
  ('CS260411', '跳绳挑战', 1, '2026-04-01 08:13:40'),
  ('CS260411', '足球训练', 2, '2026-04-01 08:13:41'),
  ('CS260412', '武术入门', 1, '2026-04-01 08:13:42'),
  ('CS260412', '篮球基础', 2, '2026-04-01 08:13:43'),
  ('CS260413', '乒乓球进阶', 1, '2026-04-01 08:13:44'),
  ('CS260413', '跳绳挑战', 2, '2026-04-01 08:13:45'),
  ('CS260414', '羽毛球提高', 1, '2026-04-01 08:13:46'),
  ('CS260414', '田径提升', 2, '2026-04-01 08:13:47'),
  ('CS260415', '篮球基础', 1, '2026-04-01 08:13:48'),
  ('CS260415', '武术入门', 2, '2026-04-01 08:13:49'),
  ('CS260416', '田径提升', 1, '2026-04-01 08:13:50'),
  ('CS260416', '篮球基础', 2, '2026-04-01 08:13:51'),
  ('CS260417', '健美操', 1, '2026-04-01 08:13:52'),
  ('CS260417', '跳绳挑战', 2, '2026-04-01 08:13:53'),
  ('CS260418', '排球技巧', 1, '2026-04-01 08:13:54'),
  ('CS260418', '田径提升', 2, '2026-04-01 08:13:55'),
  ('CS260419', '足球训练', 1, '2026-04-01 08:13:56'),
  ('CS260419', '武术入门', 2, '2026-04-01 08:13:57'),
  ('CS260420', '跳绳挑战', 1, '2026-04-01 08:13:58'),
  ('CS260420', '健美操', 2, '2026-04-01 08:13:59'),
  ('CS260421', '武术入门', 1, '2026-04-01 08:14:00'),
  ('CS260421', '跳绳挑战', 2, '2026-04-01 08:14:01'),
  ('CS260422', '乒乓球进阶', 1, '2026-04-01 08:14:02'),
  ('CS260422', '田径提升', 2, '2026-04-01 08:14:03'),
  ('CS260423', '羽毛球提高', 1, '2026-04-01 08:14:04'),
  ('CS260423', '武术入门', 2, '2026-04-01 08:14:05'),
  ('CS260424', '篮球基础', 1, '2026-04-01 08:14:06'),
  ('CS260424', '健美操', 2, '2026-04-01 08:14:07'),
  ('CS260425', '田径提升', 1, '2026-04-01 08:14:08'),
  ('CS260425', '乒乓球进阶', 2, '2026-04-01 08:14:09'),
  ('CS260426', '健美操', 1, '2026-04-01 08:14:10'),
  ('CS260426', '田径提升', 2, '2026-04-01 08:14:11'),
  ('CS260427', '排球技巧', 1, '2026-04-01 08:14:12'),
  ('CS260427', '武术入门', 2, '2026-04-01 08:14:13'),
  ('CS260428', '足球训练', 1, '2026-04-01 08:14:14'),
  ('CS260428', '健美操', 2, '2026-04-01 08:14:15'),
  ('CS260429', '跳绳挑战', 1, '2026-04-01 08:14:16'),
  ('CS260429', '乒乓球进阶', 2, '2026-04-01 08:14:17'),
  ('CS260430', '武术入门', 1, '2026-04-01 08:14:18'),
  ('CS260430', '排球技巧', 2, '2026-04-01 08:14:19'),
  ('CS260431', '乒乓球进阶', 1, '2026-04-01 08:14:20'),
  ('CS260431', '武术入门', 2, '2026-04-01 08:14:21'),
  ('CS260432', '羽毛球提高', 1, '2026-04-01 08:14:22'),
  ('CS260432', '健美操', 2, '2026-04-01 08:14:23'),
  ('CS260433', '篮球基础', 1, '2026-04-01 08:14:24'),
  ('CS260433', '乒乓球进阶', 2, '2026-04-01 08:14:25'),
  ('CS260434', '田径提升', 1, '2026-04-01 08:14:26'),
  ('CS260434', '排球技巧', 2, '2026-04-01 08:14:27'),
  ('CS260435', '健美操', 1, '2026-04-01 08:14:28'),
  ('CS260435', '羽毛球提高', 2, '2026-04-01 08:14:29'),
  ('CS260436', '排球技巧', 1, '2026-04-01 08:14:30'),
  ('CS260436', '健美操', 2, '2026-04-01 08:14:31'),
  ('CS260437', '足球训练', 1, '2026-04-01 08:14:32'),
  ('CS260437', '乒乓球进阶', 2, '2026-04-01 08:14:33'),
  ('CS260438', '跳绳挑战', 1, '2026-04-01 08:14:34'),
  ('CS260438', '排球技巧', 2, '2026-04-01 08:14:35'),
  ('CS260439', '武术入门', 1, '2026-04-01 08:14:36'),
  ('CS260439', '羽毛球提高', 2, '2026-04-01 08:14:37'),
  ('CS260440', '乒乓球进阶', 1, '2026-04-01 08:14:38'),
  ('CS260440', '足球训练', 2, '2026-04-01 08:14:39'),
  ('CS260441', '羽毛球提高', 1, '2026-04-01 08:14:40'),
  ('CS260441', '乒乓球进阶', 2, '2026-04-01 08:14:41'),
  ('CS260442', '篮球基础', 1, '2026-04-01 08:14:42'),
  ('CS260442', '排球技巧', 2, '2026-04-01 08:14:43'),
  ('CS260443', '田径提升', 1, '2026-04-01 08:14:44'),
  ('CS260443', '羽毛球提高', 2, '2026-04-01 08:14:45'),
  ('CS260444', '健美操', 1, '2026-04-01 08:14:46'),
  ('CS260444', '足球训练', 2, '2026-04-01 08:14:47'),
  ('CS260445', '排球技巧', 1, '2026-04-01 08:14:48'),
  ('CS260445', '篮球基础', 2, '2026-04-01 08:14:49'),
  ('CS260446', '足球训练', 1, '2026-04-01 08:14:50'),
  ('CS260446', '排球技巧', 2, '2026-04-01 08:14:51'),
  ('CS260447', '跳绳挑战', 1, '2026-04-01 08:14:52'),
  ('CS260447', '羽毛球提高', 2, '2026-04-01 08:14:53'),
  ('CS260448', '武术入门', 1, '2026-04-01 08:14:54'),
  ('CS260448', '足球训练', 2, '2026-04-01 08:14:55'),
  ('CS260449', '乒乓球进阶', 1, '2026-04-01 08:14:56'),
  ('CS260449', '篮球基础', 2, '2026-04-01 08:14:57'),
  ('CS260450', '羽毛球提高', 1, '2026-04-01 08:14:58'),
  ('CS260450', '跳绳挑战', 2, '2026-04-01 08:14:59'),
  ('CS260451', '排球技巧', 1, '2026-04-01 08:15:00'),
  ('CS260451', '健美操', 2, '2026-04-01 08:15:01'),
  ('CS260452', '足球训练', 1, '2026-04-01 08:15:02'),
  ('CS260452', '乒乓球进阶', 2, '2026-04-01 08:15:03'),
  ('CS260453', '跳绳挑战', 1, '2026-04-01 08:15:04'),
  ('CS260453', '排球技巧', 2, '2026-04-01 08:15:05'),
  ('CS260454', '武术入门', 1, '2026-04-01 08:15:06'),
  ('CS260454', '羽毛球提高', 2, '2026-04-01 08:15:07'),
  ('CS260455', '乒乓球进阶', 1, '2026-04-01 08:15:08'),
  ('CS260455', '足球训练', 2, '2026-04-01 08:15:09'),
  ('CS260456', '羽毛球提高', 1, '2026-04-01 08:15:10'),
  ('CS260456', '乒乓球进阶', 2, '2026-04-01 08:15:11'),
  ('CS260457', '篮球基础', 1, '2026-04-01 08:15:12'),
  ('CS260457', '排球技巧', 2, '2026-04-01 08:15:13'),
  ('CS260458', '田径提升', 1, '2026-04-01 08:15:14'),
  ('CS260458', '羽毛球提高', 2, '2026-04-01 08:15:15'),
  ('CS260459', '健美操', 1, '2026-04-01 08:15:16'),
  ('CS260459', '足球训练', 2, '2026-04-01 08:15:17'),
  ('CS260460', '排球技巧', 1, '2026-04-01 08:15:18'),
  ('CS260460', '篮球基础', 2, '2026-04-01 08:15:19'),
  ('CS260461', '足球训练', 1, '2026-04-01 08:15:20'),
  ('CS260461', '排球技巧', 2, '2026-04-01 08:15:21'),
  ('CS260462', '跳绳挑战', 1, '2026-04-01 08:15:22'),
  ('CS260462', '羽毛球提高', 2, '2026-04-01 08:15:23'),
  ('CS260463', '武术入门', 1, '2026-04-01 08:15:24'),
  ('CS260463', '足球训练', 2, '2026-04-01 08:15:25'),
  ('CS260464', '乒乓球进阶', 1, '2026-04-01 08:15:26'),
  ('CS260464', '篮球基础', 2, '2026-04-01 08:15:27'),
  ('CS260465', '羽毛球提高', 1, '2026-04-01 08:15:28'),
  ('CS260465', '跳绳挑战', 2, '2026-04-01 08:15:29'),
  ('CS260466', '篮球基础', 1, '2026-04-01 08:15:30'),
  ('CS260466', '羽毛球提高', 2, '2026-04-01 08:15:31'),
  ('CS260467', '田径提升', 1, '2026-04-01 08:15:32'),
  ('CS260467', '足球训练', 2, '2026-04-01 08:15:33'),
  ('CS260468', '健美操', 1, '2026-04-01 08:15:34'),
  ('CS260468', '篮球基础', 2, '2026-04-01 08:15:35'),
  ('CS260469', '排球技巧', 1, '2026-04-01 08:15:36'),
  ('CS260469', '跳绳挑战', 2, '2026-04-01 08:15:37'),
  ('CS260470', '足球训练', 1, '2026-04-01 08:15:38'),
  ('CS260470', '田径提升', 2, '2026-04-01 08:15:39'),
  ('CS260471', '跳绳挑战', 1, '2026-04-01 08:15:40'),
  ('CS260471', '足球训练', 2, '2026-04-01 08:15:41'),
  ('CS260472', '武术入门', 1, '2026-04-01 08:15:42'),
  ('CS260472', '篮球基础', 2, '2026-04-01 08:15:43'),
  ('CS260473', '乒乓球进阶', 1, '2026-04-01 08:15:44'),
  ('CS260473', '跳绳挑战', 2, '2026-04-01 08:15:45'),
  ('CS260474', '羽毛球提高', 1, '2026-04-01 08:15:46'),
  ('CS260474', '田径提升', 2, '2026-04-01 08:15:47'),
  ('CS260475', '篮球基础', 1, '2026-04-01 08:15:48'),
  ('CS260475', '武术入门', 2, '2026-04-01 08:15:49'),
  ('CS260476', '田径提升', 1, '2026-04-01 08:15:50'),
  ('CS260476', '篮球基础', 2, '2026-04-01 08:15:51'),
  ('CS260477', '健美操', 1, '2026-04-01 08:15:52'),
  ('CS260477', '跳绳挑战', 2, '2026-04-01 08:15:53'),
  ('CS260478', '排球技巧', 1, '2026-04-01 08:15:54'),
  ('CS260478', '田径提升', 2, '2026-04-01 08:15:55'),
  ('CS260479', '足球训练', 1, '2026-04-01 08:15:56'),
  ('CS260479', '武术入门', 2, '2026-04-01 08:15:57'),
  ('CS260480', '跳绳挑战', 1, '2026-04-01 08:15:58'),
  ('CS260480', '健美操', 2, '2026-04-01 08:15:59'),
  ('CS260481', '武术入门', 1, '2026-04-01 08:16:00'),
  ('CS260481', '跳绳挑战', 2, '2026-04-01 08:16:01'),
  ('CS260482', '乒乓球进阶', 1, '2026-04-01 08:16:02'),
  ('CS260482', '田径提升', 2, '2026-04-01 08:16:03'),
  ('CS260483', '羽毛球提高', 1, '2026-04-01 08:16:04'),
  ('CS260483', '武术入门', 2, '2026-04-01 08:16:05'),
  ('CS260484', '篮球基础', 1, '2026-04-01 08:16:06'),
  ('CS260484', '健美操', 2, '2026-04-01 08:16:07'),
  ('CS260485', '田径提升', 1, '2026-04-01 08:16:08'),
  ('CS260485', '乒乓球进阶', 2, '2026-04-01 08:16:09'),
  ('CS260486', '健美操', 1, '2026-04-01 08:16:10'),
  ('CS260486', '田径提升', 2, '2026-04-01 08:16:11'),
  ('CS260487', '排球技巧', 1, '2026-04-01 08:16:12'),
  ('CS260487', '武术入门', 2, '2026-04-01 08:16:13'),
  ('CS260488', '足球训练', 1, '2026-04-01 08:16:14'),
  ('CS260488', '健美操', 2, '2026-04-01 08:16:15'),
  ('CS260489', '跳绳挑战', 1, '2026-04-01 08:16:16'),
  ('CS260489', '乒乓球进阶', 2, '2026-04-01 08:16:17'),
  ('CS260490', '武术入门', 1, '2026-04-01 08:16:18'),
  ('CS260490', '排球技巧', 2, '2026-04-01 08:16:19'),
  ('CS260491', '乒乓球进阶', 1, '2026-04-01 08:16:20'),
  ('CS260491', '武术入门', 2, '2026-04-01 08:16:21'),
  ('CS260492', '羽毛球提高', 1, '2026-04-01 08:16:22'),
  ('CS260492', '健美操', 2, '2026-04-01 08:16:23'),
  ('CS260493', '篮球基础', 1, '2026-04-01 08:16:24'),
  ('CS260493', '乒乓球进阶', 2, '2026-04-01 08:16:25'),
  ('CS260494', '田径提升', 1, '2026-04-01 08:16:26'),
  ('CS260494', '排球技巧', 2, '2026-04-01 08:16:27'),
  ('CS260495', '健美操', 1, '2026-04-01 08:16:28'),
  ('CS260495', '羽毛球提高', 2, '2026-04-01 08:16:29'),
  ('CS260496', '排球技巧', 1, '2026-04-01 08:16:30'),
  ('CS260496', '健美操', 2, '2026-04-01 08:16:31'),
  ('CS260497', '足球训练', 1, '2026-04-01 08:16:32'),
  ('CS260497', '乒乓球进阶', 2, '2026-04-01 08:16:33'),
  ('CS260498', '跳绳挑战', 1, '2026-04-01 08:16:34'),
  ('CS260498', '排球技巧', 2, '2026-04-01 08:16:35'),
  ('CS260499', '武术入门', 1, '2026-04-01 08:16:36'),
  ('CS260499', '羽毛球提高', 2, '2026-04-01 08:16:37'),
  ('CS260500', '乒乓球进阶', 1, '2026-04-01 08:16:38'),
  ('CS260500', '足球训练', 2, '2026-04-01 08:16:39');
INSERT INTO tmp_course_selection_seed (student_no, course_name, preference_no, selected_at) VALUES
  ('CS260501', '健美操', 1, '2026-04-01 08:16:40'),
  ('CS260501', '田径提升', 2, '2026-04-01 08:16:41'),
  ('CS260502', '排球技巧', 1, '2026-04-01 08:16:42'),
  ('CS260502', '武术入门', 2, '2026-04-01 08:16:43'),
  ('CS260503', '足球训练', 1, '2026-04-01 08:16:44'),
  ('CS260503', '健美操', 2, '2026-04-01 08:16:45'),
  ('CS260504', '跳绳挑战', 1, '2026-04-01 08:16:46'),
  ('CS260504', '乒乓球进阶', 2, '2026-04-01 08:16:47'),
  ('CS260505', '武术入门', 1, '2026-04-01 08:16:48'),
  ('CS260505', '排球技巧', 2, '2026-04-01 08:16:49'),
  ('CS260506', '乒乓球进阶', 1, '2026-04-01 08:16:50'),
  ('CS260506', '武术入门', 2, '2026-04-01 08:16:51'),
  ('CS260507', '羽毛球提高', 1, '2026-04-01 08:16:52'),
  ('CS260507', '健美操', 2, '2026-04-01 08:16:53'),
  ('CS260508', '篮球基础', 1, '2026-04-01 08:16:54'),
  ('CS260508', '乒乓球进阶', 2, '2026-04-01 08:16:55'),
  ('CS260509', '田径提升', 1, '2026-04-01 08:16:56'),
  ('CS260509', '排球技巧', 2, '2026-04-01 08:16:57'),
  ('CS260510', '健美操', 1, '2026-04-01 08:16:58'),
  ('CS260510', '羽毛球提高', 2, '2026-04-01 08:16:59'),
  ('CS260511', '排球技巧', 1, '2026-04-01 08:17:00'),
  ('CS260511', '健美操', 2, '2026-04-01 08:17:01'),
  ('CS260512', '足球训练', 1, '2026-04-01 08:17:02'),
  ('CS260512', '乒乓球进阶', 2, '2026-04-01 08:17:03'),
  ('CS260513', '跳绳挑战', 1, '2026-04-01 08:17:04'),
  ('CS260513', '排球技巧', 2, '2026-04-01 08:17:05'),
  ('CS260514', '武术入门', 1, '2026-04-01 08:17:06'),
  ('CS260514', '羽毛球提高', 2, '2026-04-01 08:17:07'),
  ('CS260515', '乒乓球进阶', 1, '2026-04-01 08:17:08'),
  ('CS260515', '足球训练', 2, '2026-04-01 08:17:09'),
  ('CS260516', '羽毛球提高', 1, '2026-04-01 08:17:10'),
  ('CS260516', '乒乓球进阶', 2, '2026-04-01 08:17:11'),
  ('CS260517', '篮球基础', 1, '2026-04-01 08:17:12'),
  ('CS260517', '排球技巧', 2, '2026-04-01 08:17:13'),
  ('CS260518', '田径提升', 1, '2026-04-01 08:17:14'),
  ('CS260518', '羽毛球提高', 2, '2026-04-01 08:17:15'),
  ('CS260519', '健美操', 1, '2026-04-01 08:17:16'),
  ('CS260519', '足球训练', 2, '2026-04-01 08:17:17'),
  ('CS260520', '排球技巧', 1, '2026-04-01 08:17:18'),
  ('CS260520', '篮球基础', 2, '2026-04-01 08:17:19'),
  ('CS260521', '足球训练', 1, '2026-04-01 08:17:20'),
  ('CS260521', '排球技巧', 2, '2026-04-01 08:17:21'),
  ('CS260522', '跳绳挑战', 1, '2026-04-01 08:17:22'),
  ('CS260522', '羽毛球提高', 2, '2026-04-01 08:17:23'),
  ('CS260523', '武术入门', 1, '2026-04-01 08:17:24'),
  ('CS260523', '足球训练', 2, '2026-04-01 08:17:25'),
  ('CS260524', '乒乓球进阶', 1, '2026-04-01 08:17:26'),
  ('CS260524', '篮球基础', 2, '2026-04-01 08:17:27'),
  ('CS260525', '羽毛球提高', 1, '2026-04-01 08:17:28'),
  ('CS260525', '跳绳挑战', 2, '2026-04-01 08:17:29'),
  ('CS260526', '篮球基础', 1, '2026-04-01 08:17:30'),
  ('CS260526', '羽毛球提高', 2, '2026-04-01 08:17:31'),
  ('CS260527', '田径提升', 1, '2026-04-01 08:17:32'),
  ('CS260527', '足球训练', 2, '2026-04-01 08:17:33'),
  ('CS260528', '健美操', 1, '2026-04-01 08:17:34'),
  ('CS260528', '篮球基础', 2, '2026-04-01 08:17:35'),
  ('CS260529', '排球技巧', 1, '2026-04-01 08:17:36'),
  ('CS260529', '跳绳挑战', 2, '2026-04-01 08:17:37'),
  ('CS260530', '足球训练', 1, '2026-04-01 08:17:38'),
  ('CS260530', '田径提升', 2, '2026-04-01 08:17:39'),
  ('CS260531', '跳绳挑战', 1, '2026-04-01 08:17:40'),
  ('CS260531', '足球训练', 2, '2026-04-01 08:17:41'),
  ('CS260532', '武术入门', 1, '2026-04-01 08:17:42'),
  ('CS260532', '篮球基础', 2, '2026-04-01 08:17:43'),
  ('CS260533', '乒乓球进阶', 1, '2026-04-01 08:17:44'),
  ('CS260533', '跳绳挑战', 2, '2026-04-01 08:17:45'),
  ('CS260534', '羽毛球提高', 1, '2026-04-01 08:17:46'),
  ('CS260534', '田径提升', 2, '2026-04-01 08:17:47'),
  ('CS260535', '篮球基础', 1, '2026-04-01 08:17:48'),
  ('CS260535', '武术入门', 2, '2026-04-01 08:17:49'),
  ('CS260536', '田径提升', 1, '2026-04-01 08:17:50'),
  ('CS260536', '篮球基础', 2, '2026-04-01 08:17:51'),
  ('CS260537', '健美操', 1, '2026-04-01 08:17:52'),
  ('CS260537', '跳绳挑战', 2, '2026-04-01 08:17:53'),
  ('CS260538', '排球技巧', 1, '2026-04-01 08:17:54'),
  ('CS260538', '田径提升', 2, '2026-04-01 08:17:55'),
  ('CS260539', '足球训练', 1, '2026-04-01 08:17:56'),
  ('CS260539', '武术入门', 2, '2026-04-01 08:17:57'),
  ('CS260540', '跳绳挑战', 1, '2026-04-01 08:17:58'),
  ('CS260540', '健美操', 2, '2026-04-01 08:17:59'),
  ('CS260541', '武术入门', 1, '2026-04-01 08:18:00'),
  ('CS260541', '跳绳挑战', 2, '2026-04-01 08:18:01'),
  ('CS260542', '乒乓球进阶', 1, '2026-04-01 08:18:02'),
  ('CS260542', '田径提升', 2, '2026-04-01 08:18:03'),
  ('CS260543', '羽毛球提高', 1, '2026-04-01 08:18:04'),
  ('CS260543', '武术入门', 2, '2026-04-01 08:18:05'),
  ('CS260544', '篮球基础', 1, '2026-04-01 08:18:06'),
  ('CS260544', '健美操', 2, '2026-04-01 08:18:07'),
  ('CS260545', '田径提升', 1, '2026-04-01 08:18:08'),
  ('CS260545', '乒乓球进阶', 2, '2026-04-01 08:18:09'),
  ('CS260546', '健美操', 1, '2026-04-01 08:18:10'),
  ('CS260546', '田径提升', 2, '2026-04-01 08:18:11'),
  ('CS260547', '排球技巧', 1, '2026-04-01 08:18:12'),
  ('CS260547', '武术入门', 2, '2026-04-01 08:18:13'),
  ('CS260548', '足球训练', 1, '2026-04-01 08:18:14'),
  ('CS260548', '健美操', 2, '2026-04-01 08:18:15'),
  ('CS260549', '跳绳挑战', 1, '2026-04-01 08:18:16'),
  ('CS260549', '乒乓球进阶', 2, '2026-04-01 08:18:17'),
  ('CS260550', '武术入门', 1, '2026-04-01 08:18:18'),
  ('CS260550', '排球技巧', 2, '2026-04-01 08:18:19'),
  ('CS260551', '田径提升', 1, '2026-04-01 08:18:20'),
  ('CS260551', '篮球基础', 2, '2026-04-01 08:18:21'),
  ('CS260552', '健美操', 1, '2026-04-01 08:18:22'),
  ('CS260552', '跳绳挑战', 2, '2026-04-01 08:18:23'),
  ('CS260553', '排球技巧', 1, '2026-04-01 08:18:24'),
  ('CS260553', '田径提升', 2, '2026-04-01 08:18:25'),
  ('CS260554', '足球训练', 1, '2026-04-01 08:18:26'),
  ('CS260554', '武术入门', 2, '2026-04-01 08:18:27'),
  ('CS260555', '跳绳挑战', 1, '2026-04-01 08:18:28'),
  ('CS260555', '健美操', 2, '2026-04-01 08:18:29'),
  ('CS260556', '武术入门', 1, '2026-04-01 08:18:30'),
  ('CS260556', '跳绳挑战', 2, '2026-04-01 08:18:31'),
  ('CS260557', '乒乓球进阶', 1, '2026-04-01 08:18:32'),
  ('CS260557', '田径提升', 2, '2026-04-01 08:18:33'),
  ('CS260558', '羽毛球提高', 1, '2026-04-01 08:18:34'),
  ('CS260558', '武术入门', 2, '2026-04-01 08:18:35'),
  ('CS260559', '篮球基础', 1, '2026-04-01 08:18:36'),
  ('CS260559', '健美操', 2, '2026-04-01 08:18:37'),
  ('CS260560', '田径提升', 1, '2026-04-01 08:18:38'),
  ('CS260560', '乒乓球进阶', 2, '2026-04-01 08:18:39'),
  ('CS260561', '健美操', 1, '2026-04-01 08:18:40'),
  ('CS260561', '田径提升', 2, '2026-04-01 08:18:41'),
  ('CS260562', '排球技巧', 1, '2026-04-01 08:18:42'),
  ('CS260562', '武术入门', 2, '2026-04-01 08:18:43'),
  ('CS260563', '足球训练', 1, '2026-04-01 08:18:44'),
  ('CS260563', '健美操', 2, '2026-04-01 08:18:45'),
  ('CS260564', '跳绳挑战', 1, '2026-04-01 08:18:46'),
  ('CS260564', '乒乓球进阶', 2, '2026-04-01 08:18:47'),
  ('CS260565', '武术入门', 1, '2026-04-01 08:18:48'),
  ('CS260565', '排球技巧', 2, '2026-04-01 08:18:49'),
  ('CS260566', '乒乓球进阶', 1, '2026-04-01 08:18:50'),
  ('CS260566', '武术入门', 2, '2026-04-01 08:18:51'),
  ('CS260567', '羽毛球提高', 1, '2026-04-01 08:18:52'),
  ('CS260567', '健美操', 2, '2026-04-01 08:18:53'),
  ('CS260568', '篮球基础', 1, '2026-04-01 08:18:54'),
  ('CS260568', '乒乓球进阶', 2, '2026-04-01 08:18:55'),
  ('CS260569', '田径提升', 1, '2026-04-01 08:18:56'),
  ('CS260569', '排球技巧', 2, '2026-04-01 08:18:57'),
  ('CS260570', '健美操', 1, '2026-04-01 08:18:58'),
  ('CS260570', '羽毛球提高', 2, '2026-04-01 08:18:59'),
  ('CS260571', '排球技巧', 1, '2026-04-01 08:19:00'),
  ('CS260571', '健美操', 2, '2026-04-01 08:19:01'),
  ('CS260572', '足球训练', 1, '2026-04-01 08:19:02'),
  ('CS260572', '乒乓球进阶', 2, '2026-04-01 08:19:03'),
  ('CS260573', '跳绳挑战', 1, '2026-04-01 08:19:04'),
  ('CS260573', '排球技巧', 2, '2026-04-01 08:19:05'),
  ('CS260574', '武术入门', 1, '2026-04-01 08:19:06'),
  ('CS260574', '羽毛球提高', 2, '2026-04-01 08:19:07'),
  ('CS260575', '乒乓球进阶', 1, '2026-04-01 08:19:08'),
  ('CS260575', '足球训练', 2, '2026-04-01 08:19:09'),
  ('CS260576', '羽毛球提高', 1, '2026-04-01 08:19:10'),
  ('CS260576', '乒乓球进阶', 2, '2026-04-01 08:19:11'),
  ('CS260577', '篮球基础', 1, '2026-04-01 08:19:12'),
  ('CS260577', '排球技巧', 2, '2026-04-01 08:19:13'),
  ('CS260578', '田径提升', 1, '2026-04-01 08:19:14'),
  ('CS260578', '羽毛球提高', 2, '2026-04-01 08:19:15'),
  ('CS260579', '健美操', 1, '2026-04-01 08:19:16'),
  ('CS260579', '足球训练', 2, '2026-04-01 08:19:17'),
  ('CS260580', '排球技巧', 1, '2026-04-01 08:19:18'),
  ('CS260580', '篮球基础', 2, '2026-04-01 08:19:19'),
  ('CS260581', '足球训练', 1, '2026-04-01 08:19:20'),
  ('CS260581', '排球技巧', 2, '2026-04-01 08:19:21'),
  ('CS260582', '跳绳挑战', 1, '2026-04-01 08:19:22'),
  ('CS260582', '羽毛球提高', 2, '2026-04-01 08:19:23'),
  ('CS260583', '武术入门', 1, '2026-04-01 08:19:24'),
  ('CS260583', '足球训练', 2, '2026-04-01 08:19:25'),
  ('CS260584', '乒乓球进阶', 1, '2026-04-01 08:19:26'),
  ('CS260584', '篮球基础', 2, '2026-04-01 08:19:27'),
  ('CS260585', '羽毛球提高', 1, '2026-04-01 08:19:28'),
  ('CS260585', '跳绳挑战', 2, '2026-04-01 08:19:29'),
  ('CS260586', '篮球基础', 1, '2026-04-01 08:19:30'),
  ('CS260586', '羽毛球提高', 2, '2026-04-01 08:19:31'),
  ('CS260587', '田径提升', 1, '2026-04-01 08:19:32'),
  ('CS260587', '足球训练', 2, '2026-04-01 08:19:33'),
  ('CS260588', '健美操', 1, '2026-04-01 08:19:34'),
  ('CS260588', '篮球基础', 2, '2026-04-01 08:19:35'),
  ('CS260589', '排球技巧', 1, '2026-04-01 08:19:36'),
  ('CS260589', '跳绳挑战', 2, '2026-04-01 08:19:37'),
  ('CS260590', '足球训练', 1, '2026-04-01 08:19:38'),
  ('CS260590', '田径提升', 2, '2026-04-01 08:19:39'),
  ('CS260591', '跳绳挑战', 1, '2026-04-01 08:19:40'),
  ('CS260591', '足球训练', 2, '2026-04-01 08:19:41'),
  ('CS260592', '武术入门', 1, '2026-04-01 08:19:42'),
  ('CS260592', '篮球基础', 2, '2026-04-01 08:19:43'),
  ('CS260593', '乒乓球进阶', 1, '2026-04-01 08:19:44'),
  ('CS260593', '跳绳挑战', 2, '2026-04-01 08:19:45'),
  ('CS260594', '羽毛球提高', 1, '2026-04-01 08:19:46'),
  ('CS260594', '田径提升', 2, '2026-04-01 08:19:47'),
  ('CS260595', '篮球基础', 1, '2026-04-01 08:19:48'),
  ('CS260595', '武术入门', 2, '2026-04-01 08:19:49'),
  ('CS260596', '田径提升', 1, '2026-04-01 08:19:50'),
  ('CS260596', '篮球基础', 2, '2026-04-01 08:19:51'),
  ('CS260597', '健美操', 1, '2026-04-01 08:19:52'),
  ('CS260597', '跳绳挑战', 2, '2026-04-01 08:19:53'),
  ('CS260598', '排球技巧', 1, '2026-04-01 08:19:54'),
  ('CS260598', '田径提升', 2, '2026-04-01 08:19:55'),
  ('CS260599', '足球训练', 1, '2026-04-01 08:19:56'),
  ('CS260599', '武术入门', 2, '2026-04-01 08:19:57'),
  ('CS260600', '跳绳挑战', 1, '2026-04-01 08:19:58'),
  ('CS260600', '健美操', 2, '2026-04-01 08:19:59');

INSERT INTO course_selections (event_id, course_id, student_id, preference, round, status, selected_at, confirmed_at)
SELECT @event_id, c.id, s.id, t.preference_no, 1, 'PENDING', t.selected_at, NULL
FROM tmp_course_selection_seed t
JOIN students s ON s.school_id = @school_id AND s.student_no = t.student_no
JOIN courses c ON c.event_id = @event_id AND c.name = t.course_name;
